가게이름,카테고리,위치,평점,리뷰수
맛짱조개,조개,서울 강남구 언주로136길 10 1층,4.1,391
달맞이,일식,서울 강남구 강남대로128길 10,4.0,219
평양면옥,냉면,서울 강남구 논현로150길 6,3.1,96
현우동,돈까스 | 우동,서울 강남구 논현로149길 53 래성빌딩 101호,3.6,352
마켓오 압구정점,양식,서울 강남구 도산대로 310 2층,4.0,90
카페써드,커피전문점,서울 강남구 선릉로131길 11 1층,3.9,62
한우리 본점,육류 | 고기,서울 강남구 도산대로 304,2.8,58
홈수끼 학동점,샤브샤브,서울 강남구 언주로 708 경원빌딩 1층,3.1,331
논현손칼국수,국수,서울 강남구 논현로111길 16 1층,3.8,113
영동원삼겹살,삼겹살,서울 강남구 강남대로 520,4.1,91
인량 훠궈,중식,서울 강남구 강남대로140길 9 비피유빌딩 지하1층,4.1,186
김수사,초밥 | 롤,서울 강남구 도산대로 132 1층,,151
우정양곱창,곱창 | 막창,서울 강남구 도산대로30길 23 1층,3.9,165
함지곱창전문,곱창 | 막창,서울 강남구 학동로2길 33,3.7,194
진전복삼계탕,삼계탕,서울 강남구 선릉로129길 21 1층,4.2,332
맛짱조개,조개,서울 강남구 언주로136길 10 1층,4.1,391
달맞이,일식,서울 강남구 강남대로128길 10,4.0,219
평양면옥,냉면,서울 강남구 논현로150길 6,3.1,96
현우동,돈까스 | 우동,서울 강남구 논현로149길 53 래성빌딩 101호,3.6,352
마켓오 압구정점,양식,서울 강남구 도산대로 310 2층,4.0,90
카페써드,커피전문점,서울 강남구 선릉로131길 11 1층,3.9,62
한우리 본점,육류 | 고기,서울 강남구 도산대로 304,2.8,58
홈수끼 학동점,샤브샤브,서울 강남구 언주로 708 경원빌딩 1층,3.1,331
논현손칼국수,국수,서울 강남구 논현로111길 16 1층,3.8,113
영동원삼겹살,삼겹살,서울 강남구 강남대로 520,4.1,91
인량 훠궈,중식,서울 강남구 강남대로140길 9 비피유빌딩 지하1층,4.1,186
김수사,초밥 | 롤,서울 강남구 도산대로 132 1층,,151
우정양곱창,곱창 | 막창,서울 강남구 도산대로30길 23 1층,3.9,165
함지곱창전문,곱창 | 막창,서울 강남구 학동로2길 33,3.7,194
진전복삼계탕,삼계탕,서울 강남구 선릉로129길 21 1층,4.2,332
진미평양냉면,냉면,서울 강남구 학동로 305-3 정각빌딩 1층,3.6,897
리북집 논현직영점,족발 | 보쌈,서울 강남구 학동로2길 45 1층,3.7,244
한성칼국수,한식,서울 강남구 언주로148길 14 청호상가빌딩 가동 2층,3.8,135
대가방 본점,중국요리,서울 강남구 선릉로145길 13 럭스웨이빌딩 1층,3.4,159
일일향 2호점,중국요리,서울 강남구 봉은사로 167,3.3,37
세종한우 2호점,육류 | 고기,서울 강남구 논현로 642,3.5,48
유정식당,한식,서울 강남구 도산대로28길 14,3.7,75
홍명,중식,서울 강남구 논현로131길 10 1층,3.4,138
삼육가 논현직영점,육류 | 고기,서울 강남구 강남대로114길 8 지하1층 1층,3.6,34
크래버대게나라 강남점,게 | 대게,서울 강남구 언주로 620 현대인텔렉스빌딩 1층,4.1,209
해몽,육류 | 고기,서울 강남구 학동로41길 32,4.1,218
스시코우지,초밥 | 롤,서울 강남구 도산대로 318 어넥스 B동 3층,4.4,156
영동장어,장어,서울 강남구 언주로148길 8 1층,4.5,164
취영루 논현점,중국요리,서울 강남구 학동로2길 11,3.0,24
세광양대창 논현점,곱창 | 막창,서울 강남구 강남대로118길 12 부경빌딩 1층,4.0,209
맛짱조개,조개,서울 강남구 언주로136길 10 1층,4.1,391
달맞이,일식,서울 강남구 강남대로128길 10,4.0,219
평양면옥,냉면,서울 강남구 논현로150길 6,3.1,96
현우동,돈까스 | 우동,서울 강남구 논현로149길 53 래성빌딩 101호,3.6,352
마켓오 압구정점,양식,서울 강남구 도산대로 310 2층,4.0,90
카페써드,커피전문점,서울 강남구 선릉로131길 11 1층,3.9,62
한우리 본점,육류 | 고기,서울 강남구 도산대로 304,2.8,58
홈수끼 학동점,샤브샤브,서울 강남구 언주로 708 경원빌딩 1층,3.1,331
논현손칼국수,국수,서울 강남구 논현로111길 16 1층,3.8,113
영동원삼겹살,삼겹살,서울 강남구 강남대로 520,4.1,91
인량 훠궈,중식,서울 강남구 강남대로140길 9 비피유빌딩 지하1층,4.1,186
김수사,초밥 | 롤,서울 강남구 도산대로 132 1층,,151
우정양곱창,곱창 | 막창,서울 강남구 도산대로30길 23 1층,3.9,165
함지곱창전문,곱창 | 막창,서울 강남구 학동로2길 33,3.7,194
진전복삼계탕,삼계탕,서울 강남구 선릉로129길 21 1층,4.2,332
맛짱조개,조개,서울 강남구 언주로136길 10 1층,4.1,391
달맞이,일식,서울 강남구 강남대로128길 10,4.0,219
평양면옥,냉면,서울 강남구 논현로150길 6,3.1,96
현우동,돈까스 | 우동,서울 강남구 논현로149길 53 래성빌딩 101호,3.6,352
마켓오 압구정점,양식,서울 강남구 도산대로 310 2층,4.0,90
카페써드,커피전문점,서울 강남구 선릉로131길 11 1층,3.9,62
한우리 본점,육류 | 고기,서울 강남구 도산대로 304,2.8,58
홈수끼 학동점,샤브샤브,서울 강남구 언주로 708 경원빌딩 1층,3.1,331
논현손칼국수,국수,서울 강남구 논현로111길 16 1층,3.8,113
영동원삼겹살,삼겹살,서울 강남구 강남대로 520,4.1,91
인량 훠궈,중식,서울 강남구 강남대로140길 9 비피유빌딩 지하1층,4.1,186
김수사,초밥 | 롤,서울 강남구 도산대로 132 1층,,151
우정양곱창,곱창 | 막창,서울 강남구 도산대로30길 23 1층,3.9,165
함지곱창전문,곱창 | 막창,서울 강남구 학동로2길 33,3.7,194
진전복삼계탕,삼계탕,서울 강남구 선릉로129길 21 1층,4.2,332
진대감 논현본점,육류 | 고기,서울 강남구 학동로38길 38,3.4,66
난장캠프 논현본점,육류 | 고기,서울 강남구 강남대로114길 10 2층,3.0,31
부산아구,아구,서울 강남구 강남대로150길 10 1층,3.5,41
달링키친,카페,서울 강남구 언주로126길 25,3.4,217
정가네손칼국수,국수,서울 강남구 선릉로129길 11,2.2,91
우제홍참치,참치회,서울 강남구 학동로2길 50 2층,3.9,90
아웃백스테이크하우스 강남점,패밀리레스토랑,서울 강남구 강남대로 502 서희빌딩 2층,4.0,176
가나돈까스의집,돈까스 | 우동,서울 강남구 언주로 608 3호,3.0,80
알라프리마,양식,서울 강남구 학동로17길 13,4.3,164
강화통통생고기 논현점,삼겹살,서울 강남구 도산대로30길 12 1층,4.3,19
메리가든,양식,서울 강남구 봉은사로 113 디자이너스호텔 13층,4.1,211
노란상소갈비 강남구청점,갈비,서울 강남구 선릉로131길 22 1층,4.2,79
현대순대국,순대,서울 강남구 강남대로124길 20,3.1,72
더 바른 정육식당,육류 | 고기,서울 강남구 강남대로 482 1층,4.0,29
왕스덕,중국요리,서울 강남구 도산대로 130,3.6,18
우기식당 육지점,한식,서울 강남구 학동로2길 39 LS빌딩 1층,4.1,11
배정철 어도,일식집,서울 강남구 언주로148길 14,2.8,21
남도음식토말 본점,한정식,서울 강남구 선릉로121길 13,3.3,14
김태완스시,초밥 | 롤,서울 강남구 학동로2길 31 1층,2.3,70
돌곰네,해물 | 생선,서울 강남구 언주로146길 18 동현아파트 상가 지하1층,3.7,100
보물섬,회,서울 강남구 강남대로120길 40 1층,2.9,89
조개사냥,조개,서울 강남구 강남대로122길 24,3.0,36
탕탕집,설렁탕,서울 강남구 학동로4길 12,3.8,47
강남어시장,해물 | 생선,서울 강남구 강남대로 512 5층,2.6,219
천사곱창 논현점,곱창 | 막창,서울 강남구 학동로2길 56 원창빌딩 1층 104호,3.6,70
옛날농장 논현점,육류 | 고기,서울 강남구 학동로2길 57,4.7,96
이디야커피랩,커피전문점,서울 강남구 논현로 636 1 2층,4.0,469
영동소금구이 논현본점,육류 | 고기,서울 강남구 강남대로124길 10,3.6,106
감나무집,사철탕 | 영양탕,서울 강남구 봉은사로5길 6,4.1,21
로얄라운지,이탈리안,서울 강남구 논현로 709 로얄빌딩,3.7,7
논현양꼬치,양꼬치,서울 강남구 학동로6길 37,4.1,47
해목,일식,서울 강남구 선릉로145길 14 1 2층,4.1,436
게방식당,게 | 대게,서울 강남구 선릉로131길 17 1층,3.1,94
공리 강남구청역점,중국요리,서울 강남구 선릉로129길 24 은성빌딩 1층,3.4,122
김선생조개찜,조개,서울 강남구 강남대로114길 14,3.9,77
배꼽집,육류 | 고기,서울 강남구 강남대로128길 22,3.3,24
더수제비 논현점,수제비,서울 강남구 논현로132길 29,4.6,64
압구정변강쇠떡볶이,떡볶이,서울 강남구 도산대로46길 21 한진로즈힐아파트 101동 상가 117호,3.1,124
신촌황소곱창 논현직영점,곱창 | 막창,서울 강남구 강남대로128길 10 신도빌딩 1 2층,3.8,303
모스가든,갤러리카페,서울 강남구 논현로139길 12,3.5,110
박고볼래 논현점,실내포장마차,서울 강남구 선릉로129길 3-6,2.6,32
슈퍼집 논현점,떡볶이,서울 강남구 언주로130길 14,3.5,22
마포숯불갈비,갈비,서울 강남구 논현로150길 20,4.3,20
단스시 논현본점,초밥 | 롤,서울 강남구 언주로 652 2층,2.9,55
한미옥,육류 | 고기,서울 강남구 봉은사로 319 내외빌딩 2층,3.9,243
토담골 논현점,한정식,서울 강남구 봉은사로37길 5 태양빌딩 지하1층,3.4,25
아낙 본점,호프 | 요리주점,서울 강남구 학동로20길 30 1층 101호,4.3,45
포크댄스(Pork Dance),한식,서울 강남구 강남대로118길 31 지하 1층,4.5,173
육개옥,국밥,서울 강남구 봉은사로 167 1층,3.6,154
육갑식당 논현직영점,육류 | 고기,서울 강남구 학동로2길 19 1층 102호,4.8,16
청평갈비,갈비,서울 강남구 봉은사로1길 16,4.2,36
한우리한정식,한정식,서울 강남구 도산대로 308 코오라빌딩 3 4 5층,3.0,3
이층고깃집 강남구청역점,육류 | 고기,서울 강남구 선릉로129길 9-4 2층,4.6,270
후문포차,실내포장마차,서울 강남구 강남대로120길 28 1층,4.5,72
회식의달인 신논현점,육류 | 고기,서울 강남구 학동로2길 39 2층,3.9,195
반피차이,태국음식,서울 강남구 강남대로124길 23 1층,4.0,112
주방류,중국요리,서울 강남구 강남대로124길 27,4.4,47
스시도우,초밥 | 롤,서울 강남구 선릉로129길 13 2층,4.1,222
와쏘골뱅이탕 압구정본점,호프 | 요리주점,서울 강남구 논현로150길 34 동원빌딩 1층,4.7,20
멘야산다이메 신논현점,일본식라면,서울 강남구 강남대로114길 23 에스코빌딩 1층 101호,3.4,54
심야식당모모,호프 | 요리주점,서울 강남구 강남대로122길 5 2층,4.3,45
쁠로13,제과 | 베이커리,서울 강남구 도산대로8길 13 1층,3.9,108
한교방서울면옥,냉면,서울 강남구 학동로45길 8 2층,2.8,59
기세끼 논현점,일본식주점,서울 강남구 강남대로118길 8 이화빌딩 2층,1.8,69
광명수산 영동점,회,서울 강남구 학동로2길 39,2.4,37
음세이로무시,일본식주점,서울 강남구 논현로149길 51 1층,3.9,52
땅코참숯구이 논현직영점,육류 | 고기,서울 강남구 언주로134길 13 1층,4.2,95
일치,이탈리안,서울 강남구 언주로149길 8 지하 1층,3.5,170
유진양꼬치,양꼬치,서울 강남구 선릉로127길 6,4.1,16
136길 육미,퓨전일식,서울 강남구 언주로136길 9 2층,3.8,212
구루메스시,초밥 | 롤,서울 강남구 학동로4길 15 동화상가 1층 116호,4.4,117
화포식당 논현점,삼겹살,서울 강남구 논현로131길 12,3.0,17
첨벙아구찜 신사본점,아구,서울 강남구 강남대로150길 12,3.9,33
마장동박현규,한식,서울 강남구 강남대로128길 27 새호시티라이프빌딩 1층,4.4,25
유림상회,호프 | 요리주점,서울 강남구 봉은사로1길 39 1 2층,,99
손국시,국수,서울 강남구 학동로2길 19,3.3,103
논현장어,장어,서울 강남구 학동로 106 1층,3.7,23
끌레르봉봉,제과 | 베이커리,서울 강남구 논현로114길 8 1층 103호,4.5,40
사람사는고깃집 김일도 논현점,육류 | 고기,서울 강남구 봉은사로37길 10,3.5,59
도산뚝배기,육류 | 고기,서울 강남구 도산대로54길 18 소프트시티 1층,,154
창우수산 활새우직판장 강남구청점,,서울 강남구 학동로 338 강남파라곤 로비층 107호,3.8,93
상무초밥 강남역점,초밥 | 롤,서울 강남구 봉은사로 111 1층,4.0,149
고향집,한식,서울 강남구 언주로134길 17 1층,4.0,27
화로상회 강남논현점,육류 | 고기,서울 강남구 학동로2길 31 2층,3.6,28
삼호짱뚱이,해물 | 생선,서울 강남구 도산대로34길 11,4.5,15
코스모왕양꼬치 논현본점,양꼬치,서울 강남구 봉은사로1길 34 2층,3.5,44
미우가,갈비,서울 강남구 언주로113길 14 1층,1.7,15
현해,복어,서울 강남구 도산대로 318 SB타워 B동 1 2층,3.9,10
뽕사부,중국요리,서울 강남구 선릉로133길 3 1층,3.8,6
날웃게해,디저트카페,서울 강남구 논현로119길 17-4,3.8,7
농장사람들 논현직영점,육류 | 고기,서울 강남구 강남대로122길 9 1 2층,3.0,37
외계인방앗간 본점,제과 | 베이커리,서울 강남구 논현로149길 19 1층,2.9,81
세광양대창 강남구청점,곱창 | 막창,서울 강남구 선릉로133길 8,2.8,60
휴가,갤러리카페,서울 강남구 논현로119길 16,4.6,70
방일해장국 논현점,해장국,서울 강남구 봉은사로37길 31,4.2,17
낙타브루잉 신논현점,피자,서울 강남구 강남대로118길 22 2층,3.0,84
제이콥스라운지커피,커피전문점,서울 강남구 논현로 660 1층,4.4,20
팔당족발&보쌈,족발 | 보쌈,서울 강남구 학동로45길 7 2층 201호,4.8,417
이태리부대찌개 학동점,찌개 | 전골,서울 강남구 학동로33길 15 1층,3.9,12
바베네,이탈리안,서울 강남구 강남대로136길 6,4.2,3
짱이네산곰장어,장어,서울 강남구 언주로 605,3.7,14
토가라시,일본식라면,서울 강남구 학동로25길 14 1층,3.9,85
해랑,매운탕 | 해물탕,서울 강남구 봉은사로1길 39 유성빌딩 2층,3.0,24
수목금토카페,카페,서울 강남구 강남대로136길 63 1층,3.8,220
js가든 블랙점,중국요리,서울 강남구 언주로150길 32 1층,3.3,73
노티드 청담,디저트카페,서울 강남구 도산대로53길 15 1층,3.8,2134
카츠바이콘반,돈까스 | 우동,서울 강남구 선릉로153길 36 1층,4.4,638
꽁티드툴레아 도산점,디저트카페,서울 강남구 도산대로49길 39 1층,3.3,1169
까폼 본점,태국음식,서울 강남구 선릉로153길 18 지하1층,4.2,462
삼원가든,육류 | 고기,서울 강남구 언주로 835,,129
도산분식 압구정점,분식,서울 강남구 도산대로49길 10-6 젤로빌딩 1층,3.1,277
호족반 청담,퓨전한식,서울 강남구 언주로164길 39 1층,3.7,850
뱃고동,해물 | 생선,서울 강남구 언주로172길 54 지하 1층,3.6,492
다운타우너 청담,햄버거,서울 강남구 도산대로53길 14 1층,4.2,619
묵전,호프 | 요리주점,서울 강남구 언주로168길 22,3.8,214
일일향 압구정1호점,중국요리,서울 강남구 논현로168길 30,2.8,116
한성칼국수,한식,서울 강남구 언주로148길 14 청호상가빌딩 가동 2층,3.8,135
스시코우지,초밥 | 롤,서울 강남구 도산대로 318 어넥스 B동 3층,4.4,156
리틀넥 청담,양식,서울 강남구 도산대로51길 17 1층,3.9,890
도산맘마,카페,서울 강남구 압구정로42길 45,3.1,911
최가네 버섯샤브매운탕칼국수,샤브샤브,서울 강남구 도산대로51길 36 2층,4.5,367
대가방 본점,중국요리,서울 강남구 선릉로145길 13 럭스웨이빌딩 1층,3.4,159
카페캠프통,디저트카페,서울 강남구 압구정로42길 27,3.6,771
마켓오 압구정점,양식,서울 강남구 도산대로 310 2층,4.0,90
잠수교집 5호점,육류 | 고기,서울 강남구 언주로153길 14 1층,3.4,227
세시셀라 도산공원점,디저트카페,서울 강남구 도산대로45길 10-4 삼경빌딩 1층,3.7,355
울프강스테이크하우스,스테이크 | 립,서울 강남구 선릉로152길 21 영인빌딩 1층,3.5,777
금수복국 압구정점,복어,서울 강남구 언주로 821 금수빌딩 2 3층,3.4,53
덕후선생,중국요리,서울 강남구 선릉로 822 유리빌딩 5층,3.1,287
영동장어,장어,서울 강남구 언주로148길 8 1층,4.5,164
이치에,일본식주점,서울 강남구 선릉로155길 23-3 2층,3.8,127
한우리 본점,육류 | 고기,서울 강남구 도산대로 304,2.8,58
정식당,퓨전한식,서울 강남구 선릉로158길 11,4.3,519
도쿄등심 압구정점,육류 | 고기,서울 강남구 도산대로49길 9 스타크빌딩 3층,3.7,611
스케줄 청담,양식,서울 강남구 선릉로152길 37 1층,3.3,658
한일관 압구정점,한식,서울 강남구 압구정로38길 14,3.3,73
아우어베이커리 도산본점,제과 | 베이커리,서울 강남구 도산대로45길 10-11 1층,3.5,268
강남면옥 신사점,냉면,서울 강남구 논현로152길 34 1층,3.3,91
뉴만두집,분식,서울 강남구 압구정로 338,3.9,288
오스테리아 꼬또 압구정점,이탈리안,서울 강남구 언주로165길 7-12,3.0,322
압구정공주떡,떡 | 한과,서울 강남구 논현로161길 10 1층,4.0,444
오복수산 도산점,일식집,서울 강남구 도산대로53길 14 2층,3.7,312
텍사스데브라질 압구정점,스테이크 | 립,서울 강남구 논현로 854 지하 1층,3.8,300
영동교집 청담직영점,육류 | 고기,서울 강남구 선릉로148길 11 1층,3.7,281
벽돌해피푸드 압구정점,중식,서울 강남구 도산대로51길 36 1층,3.7,317
청담돈,일식,서울 강남구 도산대로49길 11 2층,,538
클랩피자 청담,피자,서울 강남구 압구정로46길 71 1층,3.9,388
어성,초밥 | 롤,서울 강남구 언주로 843 2층,4.0,96
스시선수,초밥 | 롤,서울 강남구 도산대로45길 6 호림아트센터 MF,4.5,98
볼피노,이탈리안,서울 강남구 도산대로45길 10-7 신사동K빌딩 1층,3.7,235
파시0914,카페,서울 강남구 도산대로45길 15 지하 1층,3.3,77
진미평양냉면,냉면,서울 강남구 학동로 305-3 정각빌딩 1층,3.6,897
백곰막걸리,한식,서울 강남구 압구정로48길 39,3.3,151
js가든 청담점,중국요리,서울 강남구 도산대로 318 SB타워 C동 1층,3.3,49
블루보틀 압구정 카페,카페,서울 강남구 논현로 854 안다즈호텔 101호,3.4,120
해몽,육류 | 고기,서울 강남구 학동로41길 32,4.1,218
롸카두들 내쉬빌 핫치킨 압구정점,,서울 강남구 언주로164길 35-3 1층,4.5,253
파씨오네,양식,서울 강남구 언주로164길 39 2층,4.5,229
펠트커피 도산공원점,카페,서울 강남구 언주로164길 23,3.6,111
압구정하루,돈까스 | 우동,서울 강남구 언주로172길 56 1층,4.1,227
우가,육류 | 고기,서울 강남구 도산대로49길 22 지하1층,3.9,67
대막,일식,서울 강남구 압구정로46길 75 1층,3.8,557
고센,카페,서울 강남구 선릉로158길 18,2.6,7
도수향,떡 | 한과,서울 강남구 선릉로161길 21-4 1층,3.3,147
타르틴베이커리 도산점,제과 | 베이커리,서울 강남구 언주로168길 24 1 2층,3.3,298
런던베이글뮤지엄 도산점,제과 | 베이커리,서울 강남구 언주로168길 33 1 2층,3.7,1429
압구정곱창,곱창 | 막창,서울 강남구 압구정로42길 25-8,3.7,182
두레국수 신사점,국수,서울 강남구 도산대로37길 28,3.3,65
기욤 청담점,디저트카페,서울 강남구 선릉로152길 17,3.4,237
마법갈비요술꼬치,호프 | 요리주점,서울 강남구 선릉로157길 26 1 2층,3.5,47
갓포아키 도산공원점,일식집,서울 강남구 도산대로45길 8-3 2층,4.2,77
우미학,육류 | 고기,서울 강남구 압구정로30길 51 I.S.A빌딩 2층,3.7,112
누데이크 하우스도산,디저트카페,서울 강남구 압구정로46길 50 지하1층,3.4,715
명인등심 압구정직영점,육류 | 고기,서울 강남구 도산대로 211,4.3,63
가담,중식,서울 강남구 언주로167길 35,3.6,138
버터풀&크리멀러스,디저트카페,서울 강남구 언주로172길 59 삼두빌딩 1층,4.1,190
골드피쉬딤섬퀴진,중식,서울 강남구 압구정로48길 35 2층,3.8,171
신미식당,육류 | 고기,서울 강남구 압구정로 214 1층,3.9,92
가온,한정식,서울 강남구 도산대로 317 호림아트센터1빌딩 지하1층 1-1호,2.0,55
저스트스테이크,스테이크 | 립,서울 강남구 언주로152길 11-7 1층,3.3,12
루위,중식,서울 강남구 도산대로 211 1층,3.6,431
몽중헌 청담점,중국요리,서울 강남구 도산대로 445 엠빌딩 지하1층,3.8,157
하모,한정식,서울 강남구 언주로 819 HB빌딩 2층,3.6,33
맛짱조개,조개,서울 강남구 언주로136길 10 1층,4.1,391
강서면옥 압구정점,냉면,서울 강남구 언주로164길 19 1 2층,3.7,82
배정철 어도,일식집,서울 강남구 언주로148길 14,2.8,21
오아시스 청담점,양식,서울 강남구 도산대로55길 20 영빌딩 1층,3.4,129
쉐이크쉑 청담점,패스트푸드,서울 강남구 도산대로 327 SGF청담타워 1층,3.5,229
닭으로가 압구정본점,닭요리,서울 강남구 언주로172길 55,2.9,160
키친마이야르,양식,서울 강남구 언주로170길 22 지하 1층,3.3,337
루비떡볶이,떡볶이,서울 강남구 선릉로153길 21,3.4,206
js가든 압구정점,중국요리,서울 강남구 언주로174길 13 미소빌딩 2층,4.2,65
평양면옥,냉면,서울 강남구 논현로150길 6,3.1,96
경복궁불고기 압구정점,불고기 | 두루치기,서울 강남구 압구정로30길 51 I.S.A빌딩 지하1층,4.0,8
가디록,이탈리안,서울 강남구 도산대로45길 18-4 2층,3.9,71
치즈룸,양식,서울 강남구 논현로 854 안다즈호텔 지하1층 112 113호,4.0,337
바랗,해물 | 생선,서울 강남구 도산대로 309,3.7,28
수다 청담점,일본식주점,서울 강남구 도산대로57길 15 1 2층,4.5,146
해목,일식,서울 강남구 선릉로145길 14 1 2층,4.1,436
돌곰네,해물 | 생선,서울 강남구 언주로146길 18 동현아파트 상가 지하1층,3.7,100
메종드라카테고리,양식,서울 강남구 선릉로 826 1층,3.6,251
마크레인커피,카페,서울 강남구 선릉로157길 23-5,3.3,78
청담류,일본식주점,서울 강남구 도산대로58길 12 1층,3.6,66
리틀사이공 압구정본점,동남아음식,서울 강남구 언주로174길 26,3.7,62
압구정면옥,냉면,서울 강남구 압구정로30길 16 1층,4.1,110
풍천가 청담점,장어,서울 강남구 도산대로56길 7,4.5,202
한우리한정식,한정식,서울 강남구 도산대로 308 코오라빌딩 3 4 5층,3.0,3
우텐더 서울점,육류 | 고기,서울 강남구 압구정로42길 25-10,3.5,67
압구정변강쇠떡볶이,떡볶이,서울 강남구 도산대로46길 21 한진로즈힐아파트 101동 상가 117호,3.1,124
몽고네,이탈리안,서울 강남구 선릉로155길 5 승승장구빌딩 1층,3.5,75
돈블랑 청담스퀘어점,육류 | 고기,서울 강남구 도산대로 420 청담스퀘어 B동 4층,4.2,70
피자덕후 피자힙,피자,서울 강남구 선릉로157길 23 2층,4.3,319
퀸즈파크 청담점,양식,서울 강남구 압구정로60길 22,3.2,42
심양 청담본점,양꼬치,서울 강남구 선릉로161길 21 영빌딩 1층,3.3,102
유정식당,한식,서울 강남구 도산대로28길 14,3.7,75
마코토 청담점,일본식주점,서울 강남구 압구정로80길 37 이에스빌딩 2층,4.4,101
더라운드 청담점,중식,서울 강남구 선릉로148길 37 1층,3.6,7
10꼬르소꼬모카페,테마카페,서울 강남구 압구정로 416 더트리니티빌딩 지하1층,3.1,127
벨뷰,와인바,서울 강남구 선릉로152길 30 1층,2.6,114
우정양곱창,곱창 | 막창,서울 강남구 도산대로30길 23 1층,3.9,165
카페써드,커피전문점,서울 강남구 선릉로131길 11 1층,3.9,62
장다리,곱창 | 막창,서울 강남구 압구정로46길 5-14 1층,4.4,160
밍글스,한식,서울 강남구 도산대로67길 19 힐탑빌딩 2층,4.1,196
청초수물회섭국 강남점,해물 | 생선,서울 강남구 압구정로28길 24,3.6,84
르챔버,칵테일바,서울 강남구 도산대로55길 42 지하1층,2.7,59
청담고수 청담점,육류 | 고기,서울 강남구 도산대로58길 15,3.5,63
마포숯불갈비,갈비,서울 강남구 논현로150길 20,4.3,20
룽청,중국요리,서울 강남구 논현로152길 23 알파빌딩 1층,3.9,80
행복추풍령칼삼겹살 압구정점,삼겹살,서울 강남구 도산대로51길 41,4.1,12
고급오복수산,일식집,서울 강남구 논현로 854 지하 1층,4.4,224
스시이토,초밥 | 롤,서울 강남구 선릉로153길 22 4층,3.5,110
달마시안,카페,서울 강남구 압구정로42길 42,2.8,613
카페마당,북카페,서울 강남구 도산대로45길 7 메종에르메스 지하 1층,3.9,207
홈수끼 학동점,샤브샤브,서울 강남구 언주로 708 경원빌딩 1층,3.1,331
노아베이커리 압구정본점,제과 | 베이커리,서울 강남구 압구정로30길 9 노아빌딩 4층,3.6,123
호화반점,중국요리,서울 강남구 선릉로161길 5 1 2층,3.0,62
마제스티타바론티라운지,양식,서울 강남구 도산대로 327 16층,4.5,123
버터핑거팬케익스 청담점,양식,서울 강남구 선릉로152길 11 세진빌딩 1층,3.4,90
갓포마코토,일식,서울 강남구 언주로168길 5 지미안빌딩 2층,3.9,86
정식카페,카페,서울 강남구 선릉로158길 11 1층,3.6,239
나리식당 청담점,삼겹살,서울 강남구 선릉로152길 25 1층,2.4,24
현해,복어,서울 강남구 도산대로 318 SB타워 B동 1 2층,3.9,10
ING포차,실내포장마차,서울 강남구 언주로170길 34,3.3,38
대삼식당,삼겹살,서울 강남구 학동로41길 23 인현빌딩 1층,3.4,86
마일스톤커피,커피전문점,서울 강남구 논현로159길 49 1층,4.3,652
배스킨라빈스 BROWN청담점,아이스크림,서울 강남구 도산대로 327 SGF청담타워 3층,3.9,283
그랑씨엘,이탈리안,서울 강남구 도산대로45길 16-6 1층,3.3,88
청담골,한식,서울 강남구 선릉로148길 48 미준빌딩 1층,2.6,147
카멜커피 도산공원점,카페,서울 강남구 도산대로45길 16-8,2.9,88
청담순두부 본점,두부전문점,서울 강남구 도산대로53길 19 1층,1.9,50
일치,이탈리안,서울 강남구 언주로149길 8 지하 1층,3.5,170
가람국시 논현동점,국수,서울 강남구 언주로135길 13,3.8,40
카페티,카페,서울 강남구 도산대로59길 9,2.6,49
썬더버드,양식,서울 강남구 압구정로60길 18 1층,4.2,21
수린,육류 | 고기,서울 강남구 언주로164길 24 3층,4.2,46
진미평양냉면,냉면,서울 강남구 학동로 305-3 정각빌딩 1층,3.6,897
노티드 청담,디저트카페,서울 강남구 도산대로53길 15 1층,3.8,2134
중앙해장,해장국,서울 강남구 영동대로86길 17 육인빌딩 1층,3.9,953
스케줄 청담,양식,서울 강남구 선릉로152길 37 1층,3.3,658
꽁티드툴레아 도산점,디저트카페,서울 강남구 도산대로49길 39 1층,3.3,1169
뱃고동,해물 | 생선,서울 강남구 언주로172길 54 지하 1층,3.6,492
까폼 본점,태국음식,서울 강남구 선릉로153길 18 지하1층,4.2,462
압구정공주떡,떡 | 한과,서울 강남구 논현로161길 10 1층,4.0,444
보슬보슬 역삼본점,분식,서울 강남구 테헤란로8길 22 1층 102호,,725
땀땀,베트남음식,서울 강남구 강남대로98길 12-5,3.4,1272
뽕나무쟁이 선릉본점,족발 | 보쌈,서울 강남구 역삼로65길 31,4.1,384
팀호완 삼성점,중식,서울 강남구 봉은사로86길 30 1층,3.5,871
어거스트힐 강남점,이탈리안,서울 강남구 강남대로106길 25 1층,4.3,477
카츠바이콘반,돈까스 | 우동,서울 강남구 선릉로153길 36 1층,4.4,638
농민백암순대 본점,국밥,서울 강남구 선릉로86길 40-4 알앤지타운 1층,4.3,594
구구당,퓨전요리,서울 강남구 강남대로102길 35,3.6,1568
울프강스테이크하우스,스테이크 | 립,서울 강남구 선릉로152길 21 영인빌딩 1층,3.5,777
새벽집 청담점,육류 | 고기,서울 강남구 도산대로101길 6,3.3,149
농민백암왕순대,순대,서울 강남구 역삼로3길 20-4,4.6,238
삼원가든,육류 | 고기,서울 강남구 언주로 835,,129
마일스톤커피,커피전문점,서울 강남구 논현로159길 49 1층,4.3,652
블루보틀 역삼 카페,카페,서울 강남구 테헤란로 129 강남N타워 1층,3.5,221
몽중헌 청담점,중국요리,서울 강남구 도산대로 445 엠빌딩 지하1층,3.8,157
부타이 1막,일식,서울 강남구 테헤란로88길 22 지하 1층,3.8,566
강강술래 역삼점,한식,서울 강남구 논현로 325 1층,3.6,57
돝고기506,삼겹살,서울 강남구 역삼로17길 53 서연빌딩 2 3층,3.3,287
일일향 압구정1호점,중국요리,서울 강남구 논현로168길 30,2.8,116
알베르,카페,서울 강남구 강남대로102길 34,3.0,460
호족반 청담,퓨전한식,서울 강남구 언주로164길 39 1층,3.7,850
리북집 논현직영점,족발 | 보쌈,서울 강남구 학동로2길 45 1층,3.7,244
수담한정식,한정식,서울 강남구 봉은사로 418,3.4,172
도산분식 압구정점,분식,서울 강남구 도산대로49길 10-6 젤로빌딩 1층,3.1,277
보노보노플러스 삼성점,해산물뷔페,서울 강남구 테헤란로 508 해성2빌딩 지하 1층,3.9,135
정식당,퓨전한식,서울 강남구 선릉로158길 11,4.3,519
어글리스토브 강남역점,양식,서울 강남구 강남대로98길 20 1층,3.4,457
장인닭갈비 강남점,닭요리,서울 강남구 테헤란로1길 19 지하1층,3.1,577
바비레드 강남본점,양식,서울 강남구 봉은사로6길 39 지하 1층,4.4,744
능라도 강남점,냉면,서울 강남구 삼성로 534 싹아트센터 1층,3.8,125
프리모바치오바치 강남점,이탈리안,서울 강남구 강남대로 416 2층,4.0,206
창고43 강남점,육류 | 고기,서울 강남구 강남대로 362 대륭강남타워 지하1층,3.3,146
강남진해장,찌개 | 전골,서울 강남구 테헤란로5길 11,3.1,270
두껍삼 역삼직영점,삼겹살,서울 강남구 테헤란로8길 17 1~3층,,141
갓덴스시 강남점,초밥 | 롤,서울 강남구 테헤란로 109 강남제일빌딩 1층,4.1,307
신동궁감자탕뼈숯불구이 선릉직영점,,서울 강남구 선릉로86길 39,3.4,270
대우부대찌개,찌개 | 전골,서울 강남구 테헤란로25길 34 1층,3.8,213
신동궁감자탕 역삼본점,감자탕,서울 강남구 테헤란로10길 21,3.5,456
테라로사 포스코센터점,커피전문점,서울 강남구 테헤란로 440 포스코센터 1층,3.9,472
다운타우너 청담,햄버거,서울 강남구 도산대로53길 14 1층,4.2,619
한일관 압구정점,한식,서울 강남구 압구정로38길 14,3.3,73
60년전통신촌황소곱창 강남직영점,,서울 강남구 강남대로100길 13 1층,1.4,276
뉴만두집,분식,서울 강남구 압구정로 338,3.9,288
페어링룸,이탈리안,서울 강남구 도산대로81길 14 1층,4.0,640
한성칼국수,한식,서울 강남구 언주로148길 14 청호상가빌딩 가동 2층,3.8,135
미즈컨테이너 이스트점,이탈리안,서울 강남구 강남대로102길 13-3,3.8,212
덕후선생,중국요리,서울 강남구 선릉로 822 유리빌딩 5층,3.1,287
육전식당 4호점,육류 | 고기,서울 강남구 테헤란로8길 11-4 1층,4.1,135
대가방 본점,중국요리,서울 강남구 선릉로145길 13 럭스웨이빌딩 1층,3.4,159
피양옥,냉면,서울 강남구 삼성로133길 14 1층 101호,3.5,189
정돈 강남점,돈까스 | 우동,서울 강남구 강남대로110길 19-1 1층,4.2,213
텍사스데브라질 압구정점,스테이크 | 립,서울 강남구 논현로 854 지하 1층,3.8,300
카페캠프통,디저트카페,서울 강남구 압구정로42길 27,3.6,771
묵전,호프 | 요리주점,서울 강남구 언주로168길 22,3.8,214
코다차야 강남점,일본식주점,서울 강남구 강남대로 468 지하1층,3.0,119
길목,육류 | 고기,서울 강남구 영동대로129길 10 1층,4.2,402
일일향 2호점,중국요리,서울 강남구 봉은사로 167,3.3,37
썸띵어바웃커피,디저트카페,서울 강남구 강남대로102길 30 1~3층,3.7,978
포브라더스 도곡점,동남아음식,서울 강남구 논현로28길 40 덕영빌딩 1층,3.6,231
이도곰탕 본점,곰탕,서울 강남구 논현로94길 29-5,4.0,171
최가네 버섯샤브매운탕칼국수,샤브샤브,서울 강남구 도산대로51길 36 2층,4.5,367
감성타코 강남역점,멕시칸 | 브라질,서울 강남구 강남대로 406 글라스타워 지하1층 B01-1호,3.1,438
세종한우 2호점,육류 | 고기,서울 강남구 논현로 642,3.5,48
파크루안 역삼점,중식,서울 강남구 논현로 430 아세아빌딩 지하1층,3.5,66
유정식당,한식,서울 강남구 도산대로28길 14,3.7,75
홍명,중식,서울 강남구 논현로131길 10 1층,3.4,138
별양집,곱창 | 막창,서울 강남구 테헤란로43길 17 지하1층  1층,4.6,69
천미미,중국요리,서울 강남구 강남대로152길 11 1층,4.0,105
카페413프로젝트,카페,서울 강남구 논현로97길 19-11,4.2,282
곰바위,곱창 | 막창,서울 강남구 영동대로115길 10,3.2,11
경천애인2237 삼성본점,육류 | 고기,서울 강남구 테헤란로 421 암천빌딩 3층,4.2,95
삼육가 논현직영점,육류 | 고기,서울 강남구 강남대로114길 8 지하1층 1층,3.6,34
한성양갈비양꼬치 강남점,양꼬치,서울 강남구 강남대로78길 25,4.0,13
쮸즈,중국요리,서울 강남구 도산대로17길 13,3.5,566
크래버대게나라 강남점,게 | 대게,서울 강남구 언주로 620 현대인텔렉스빌딩 1층,4.1,209
송쉐프 본점,중국요리,서울 강남구 도산대로1길 40,3.5,123
해담채 강남점,한정식,서울 강남구 테헤란로10길 18 역삼823빌딩 지하1층,3.9,61
강남면옥 신사점,냉면,서울 강남구 논현로152길 34 1층,3.3,91
진대감 선릉점,육류 | 고기,서울 강남구 테헤란로70길 25,4.6,67
강강술래 청담점,갈비,서울 강남구 도산대로 535 1 2층,3.3,33
도산맘마,카페,서울 강남구 압구정로42길 45,3.1,911
대려도,중국요리,서울 강남구 역삼로 118 2층,3.6,52
리틀넥 청담,양식,서울 강남구 도산대로51길 17 1층,3.9,890
을밀대 강남점,냉면,서울 강남구 테헤란로4길 46 지하1층,3.3,189
긴자 청담점,일식집,서울 강남구 도산대로 534,3.2,71
필경재,한정식,서울 강남구 광평로 205,3.3,53
해몽,육류 | 고기,서울 강남구 학동로41길 32,4.1,218
스시코우지,초밥 | 롤,서울 강남구 도산대로 318 어넥스 B동 3층,4.4,156
영동장어,장어,서울 강남구 언주로148길 8 1층,4.5,164
외고집설렁탕,설렁탕,서울 강남구 삼성로 555 알앤텍빌딩 1층,3.4,108
블루보틀 압구정 카페,카페,서울 강남구 논현로 854 안다즈호텔 101호,3.4,120
아방궁,중국요리,서울 강남구 역삼로1길 18,3.6,60
취영루 논현점,중국요리,서울 강남구 학동로2길 11,3.0,24
잠수교집 5호점,육류 | 고기,서울 강남구 언주로153길 14 1층,3.4,227
세광양대창 논현점,곱창 | 막창,서울 강남구 강남대로118길 12 부경빌딩 1층,4.0,209
백억하누 강남본점,한식,서울 강남구 테헤란로5길 29,4.7,137
은행골 신사점,초밥 | 롤,서울 강남구 강남대로152길 42 2층,4.0,393
영동교집 청담직영점,육류 | 고기,서울 강남구 선릉로148길 11 1층,3.7,281
한잔의추억,호프 | 요리주점,서울 강남구 논현로175길 68,2.9,390
맛짱조개,조개,서울 강남구 언주로136길 10 1층,4.1,391
달맞이,일식,서울 강남구 강남대로128길 10,4.0,219
뜨락,육류 | 고기,서울 강남구 영동대로142길 13-3,3.6,189
반룡산,냉면,서울 강남구 테헤란로78길 26 1층,3.8,135
이대성의 진면목,한식,서울 강남구 삼성로100길 23-3 1층,4.0,216
평양면옥,냉면,서울 강남구 논현로150길 6,3.1,96
브루클린더버거조인트 가로수길점,,서울 강남구 도산대로15길 12 가로수빌딩 1층,3.8,485
현우동,돈까스 | 우동,서울 강남구 논현로149길 53 래성빌딩 101호,3.6,352
빌즈 강남,양식,서울 강남구 테헤란로 142 아크플레이스 2층,3.2,364
무월 강남점,호프 | 요리주점,서울 강남구 봉은사로4길 21,3.0,135
밍글스,한식,서울 강남구 도산대로67길 19 힐탑빌딩 2층,4.1,196
후레쉬빌 삼성역본점,돈까스 | 우동,서울 강남구 테헤란로108길 19 부림빌딩 1층,4.0,138
강남곱,곱창 | 막창,서울 강남구 역삼로3길 12 1  2층,,221
마켓오 압구정점,양식,서울 강남구 도산대로 310 2층,4.0,90
봉밀가,한식,서울 강남구 선릉로 664 1층,4.4,144
국제수입식당 본점,삼겹살,서울 강남구 논현로79길 62 지하1층,3.2,202
아트몬스터 강남역점,호프 | 요리주점,서울 강남구 테헤란로1길 28-3 1  2층,3.8,281
마초갈비 선릉역점,갈비,서울 강남구 선릉로93길 11 1층,4.0,151
정월,카페,서울 강남구 강남대로102길 46 1층,3.4,541
오리지널팬케이크하우스 가로수길점,,서울 강남구 강남대로162길 41 동원빌딩,3.7,216
크라이치즈버거 삼성역점,햄버거,서울 강남구 테헤란로 620 미래에셋타워 지하 1층,4.2,377
스시소라 대치점,초밥 | 롤,서울 강남구 삼성로85길 33 현대썬앤빌 2층 203호,4.0,64
이치에,일본식주점,서울 강남구 선릉로155길 23-3 2층,3.8,127
온달집 본점,실내포장마차,서울 강남구 강남대로152길 28 1층,3.7,306
카페써드,커피전문점,서울 강남구 선릉로131길 11 1층,3.9,62
고센,카페,서울 강남구 선릉로158길 18,2.6,7
마담밍 선릉점,중국요리,서울 강남구 선릉로86길 5-4 1층,4.3,76
더페이머스버거 신사점,햄버거,서울 강남구 도산대로 113,3.5,246
육시리 역삼본점,육류 | 고기,서울 강남구 논현로 420,4.1,64
신의주찹쌀순대,순대,서울 강남구 영동대로 725,3.1,140
금수복국 압구정점,복어,서울 강남구 언주로 821 금수빌딩 2 3층,3.4,53
피양콩할마니 본점,한식,서울 강남구 삼성로81길 30,3.1,193
봉우리 역삼본점,한정식,서울 강남구 논현로94길 25-3,3.1,89
이자카야나무 강남2호점,일본식주점,서울 강남구 강남대로78길 8 지하1층,2.9,25
몽중헌 대치점,중국요리,서울 강남구 영동대로 325 S-TOWER 1층,3.5,107
C27 가로수길본점,디저트카페,서울 강남구 도산대로15길 39,3.2,231
불이아 역삼점,중식,서울 강남구 논현로 514,4.1,129
서래향 수서점,중국요리,서울 강남구 광평로51길 6-9 1층,,89
한우리 본점,육류 | 고기,서울 강남구 도산대로 304,2.8,58
홈수끼 학동점,샤브샤브,서울 강남구 언주로 708 경원빌딩 1층,3.1,331
테일러커피 신사점,카페,서울 강남구 강남대로160길 31 1층,4.3,280
마노디셰프 삼성점,이탈리안,서울 강남구 테헤란로87길 21 동성빌딩 지하1층,3.8,76
마코토 청담점,일본식주점,서울 강남구 압구정로80길 37 이에스빌딩 2층,4.4,101
콩두 철산역점,두부전문점,경기 광명시 철산로 15 1층,4.5,110
가마솥밥상 철산본점,한식,경기 광명시 안양천로 459 2층,3.5,23
소들녘 광명점,갈비,경기 광명시 오리로876번길 6,2.5,149
한본삼계탕 철산본점,삼계탕,경기 광명시 오리로854번길 16-15 2층,3.7,162
스너그로스터리,커피전문점,경기 광명시 시청로 50 상가A동 AA123호,4.1,46
라라코스트 광명철산점,패밀리레스토랑,경기 광명시 철산로 12 로데오빌딩 2층 1호,3.3,29
스시웨이 광명본점,초밥 | 롤,경기 광명시 가림일로 80 로즈힐빌딩 3층,3.1,66
마또이따,이탈리안,경기 광명시 철산로 36 양정타워 14층,3.4,92
448돈까스,돈까스 | 우동,경기 광명시 디지털로 29 114 115호,4.3,52
대창집,곱창 | 막창,경기 광명시 철산로30번길 14 1층101호,3.9,12
양천뼈다귀 철산직영점,해장국,경기 광명시 철산로30번길 20 2층,4.6,27
돌삼닭 철산역점,삼겹살,경기 광명시 오리로856번길 8-1,2.9,31
김태완스시,초밥 | 롤,경기 광명시 오리로854번길 6 철화빌딩 1층 2호,3.1,54
철산감자탕,감자탕,경기 광명시 오리로856번길 19,3.9,37
훕훕베이글,제과 | 베이커리,경기 광명시 시청로 124,3.8,105
호우양꼬치 철산점,양꼬치,경기 광명시 철산로30번길 22,3.3,35
광명소고기순대국,순대,경기 광명시 시청로 122,3.8,18
라조콩드,디저트카페,경기 광명시 시청로 32 1층 3호,4.5,88
조선식탁 오정족발,족발 | 보쌈,경기 광명시 오리로854번길 16-11 삼희빌딩 1층,3.8,10
우돈명가,육류 | 고기,경기 광명시 도덕공원로 54 1층,,576
김명태 굴국밥솥밥 철산점,굴 | 전복,경기 광명시 오리로854번길 22 조흥빌딩 1층,2.7,12
본가갈비,갈비,경기 광명시 오리로856번길 14,2.7,12
해피양꼬치,양꼬치,경기 광명시 철산로30번길 5,4.0,36
인기명 광명철산점,해물 | 생선,경기 광명시 오리로856번길 26 영일빌딩 2층,3.1,42
탐나종합어시장 철산역점,회,경기 광명시 철산로 20 야우리빌딩 1층 104호,3.5,30
주재근베이커리 본점,제과 | 베이커리,경기 광명시 철산로 27 1층 5호,3.5,37
맛찬들왕소금구이 광명2호점,육류 | 고기,경기 광명시 오리로854번길 6 1층 101호,3.7,49
구들장황소곱창,곱창 | 막창,경기 광명시 철산로30번길 24,3.7,19
홍대개미 광명철산점,퓨전일식,경기 광명시 오리로854번길 21 신명빌딩 2층 203호,3.9,24
맥도날드 철산역점,패스트푸드,경기 광명시 오리로856번길 17,2.3,8
광명안양대교보신탕,사철탕 | 영양탕,경기 광명시 시청로 29,4.0,8
원시쪽갈비 철산점,갈비,경기 광명시 디지털로 13 한국빌딩 1층,1.3,37
스미노카리,일본식주점,경기 광명시 오리로856번길 7 2층 203호,3.0,14
도둑고기 철산점,육류 | 고기,경기 광명시 오리로854번길 16 금강빌딩 2층,3.3,8
투썸플레이스 광명철산점,커피전문점,경기 광명시 철산로30번길 14 1층,1.8,20
제줏간 광명철산점,육류 | 고기,경기 광명시 오리로854번길 16-15,1.8,24
칠성포차 광명철산점,실내포장마차,경기 광명시 오리로856번길 21 2층,3.2,5
폴바셋 광명 철산DT점,커피전문점,경기 광명시 오리로 883,4.9,48
한가네숯불닭갈비 철산점,닭요리,경기 광명시 철산로30번길 20,3.8,36
리유라멘,일본식라면,경기 광명시 시청로 9,3.8,127
듀드팡,제과 | 베이커리,경기 광명시 안양천로 461 1  2층,2.8,21
토종곱창,곱창 | 막창,경기 광명시 디지털로33번길 5,4.2,20
스타벅스 철산역점,커피전문점,경기 광명시 철산로 15,4.6,18
김쉐프,이탈리안,경기 광명시 도덕공원로 59,4.6,16
고기싸롱,육류 | 고기,경기 광명시 오리로854번길 16 금강빌딩 2층,4.5,2
신가네칼국수제비,수제비,경기 광명시 디지털로33번길 23,2.8,37
용범이네인계동껍데기 광명철산점,,경기 광명시 오리로854번길 16-10,4.5,17
횟집도화,회,경기 광명시 오리로856번길 18,2.6,2
맛찬들왕소금구이 광명1호점,육류 | 고기,경기 광명시 철산로 24 다인빌딩 103호,3.8,27
힘센장어,장어,경기 광명시 오리로854번길 8 3층,5.0,8
셀프수산킹크랩대게 광명점,게 | 대게,경기 광명시 오리로 906-7,5.0,5
대박조개,조개,경기 광명시 오리로856번길 21 1층,3.7,7
황토보양촌,사철탕 | 영양탕,경기 광명시 오리로 879-9,5.0,2
스타벅스 철산로데오점,커피전문점,경기 광명시 디지털로 17,3.1,11
양마루,곱창 | 막창,경기 광명시 안양천로 459 4층,4.0,11
돈까스브로스 광명철산점,돈까스 | 우동,경기 광명시 철산로 15 1층,3.6,15
스타벅스 광명철산점,커피전문점,경기 광명시 오리로 865,3.4,12
리골레토시카고피자 철산점,피자,경기 광명시 오리로854번길 16-7,3.0,8
호야덤블링,중국요리,경기 광명시 가림로219번길 4,4.2,9
KFC 철산역점,패스트푸드,경기 광명시 철산로 25 한영빌딩,2.9,10
이나까,일본식주점,경기 광명시 오리로856번길 26,2.6,20
벌툰 인더스트리얼 철산로데오점,만화카페,경기 광명시 오리로856번길 12 3층,4.5,14
카리브참치,참치회,경기 광명시 철산로30번길 20,4.0,15
오가네돼지국밥,국밥,경기 광명시 시청로 45,4.1,6
하남돼지집 광명철산점,삼겹살,경기 광명시 오리로854번길 12 세인트빌딩상가 1층 102호,3.6,16
황비홍마라탕 철산점,중식,경기 광명시 철산로30번길 22 2층,2.1,29
버거킹 광명철산점,패스트푸드,경기 광명시 오리로 870 1층,3.1,5
츠츠허허 철산점,중국요리,경기 광명시 철산로30번길 14 105호,3.5,19
써브웨이 광명철산역점,샌드위치,경기 광명시 철산로 15,4.1,10
와인싸롱뱅뱅 철산점,와인바,경기 광명시 오리로856번길 23 명산빌딩 1층,3.7,27
스시다다,초밥 | 롤,경기 광명시 철산로30번길 5 2층,4.3,47
투파인드피터 광명철산점,이탈리안,경기 광명시 디지털로 13 한국빌딩 2층,4.4,48
북해도목장,육류 | 고기,경기 광명시 오리로854번길 16-11 1층,4.0,6
설빙 광명철산점,디저트카페,경기 광명시 오리로856번길 8-1,2.2,19
명품,중국요리,경기 광명시 시청로 15,4.0,25
김대포 실내포차,실내포장마차,경기 광명시 디지털로 29 정인빌딩 2층 202-204호,3.8,14
백년회관서서갈비 철산점,갈비,경기 광명시 오리로854번길 12 세인트빌딩상가 2층 201호,2.7,22
라임하우스,양식,경기 광명시 오리로 887,3.9,17
연스시,초밥 | 롤,경기 광명시 오리로 919-38 1층,4.7,1
광명소곱창전골,곱창 | 막창,경기 광명시 시청로 105 1층,4.0,5
진순자계란말이김밥 철산직영점,분식,경기 광명시 디지털로 17 1층,3.7,9
금복주류 철산점,호프 | 요리주점,경기 광명시 오리로856번길 26 2층,3.0,8
원조철산곱창,곱창 | 막창,경기 광명시 디지털로 17,1.6,11
고구려짬뽕10101 광명철산점,중국요리,경기 광명시 철산로30번길 24 서울종합빌딩 1층,3.8,7
대감복집,복어,경기 광명시 철산로30번길 9 2층,4.3,5
오징어청춘 철산점,해물 | 생선,경기 광명시 오리로856번길 14,3.0,14
박가일본요리점,일식집,경기 광명시 오리로854번길 8 다산캣츠빌딩 401호,4.3,9
대가볼태기 광명직영점,해물 | 생선,경기 광명시 오리로856번길 20,3.5,8
콩뿌리 전주콩나물국밥 철산점,국밥,경기 광명시 디지털로 25 청덕빌딩 1층 106호,3.8,3
도미노피자 철산점,피자,경기 광명시 시청로 32 1층,4.5,3
채선당플러스 철산역점,샤브샤브,경기 광명시 철산로 36 양정타워 3층 301호,3.0,28
세라젬웰카페 광명철산직영점,테마카페,경기 광명시 철산로 32 1층,4.9,5
화이트캐슬 철산점,테마카페,경기 광명시 철산로 24 다인빌딩 301호,1.4,0
길동우동 철산직영점,돈까스 | 우동,경기 광명시 오리로854번길 16 1층,2.6,4
명동찌개마을 철산점,찌개 | 전골,경기 광명시 오리로854번길 16,2.0,12
나라참치,참치회,경기 광명시 디지털로33번길 15,3.8,4
육회와전,육류 | 고기,경기 광명시 오리로854번길 16-10,4.5,18
파스쿠찌 광명철산점,커피전문점,경기 광명시 철산로30번길 9 1층,3.4,3
광명할머니빈대떡,한식,경기 광명시 디지털로33번길 23,4.0,8
펀비어킹 광명철산상업지구점,호프 | 요리주점,경기 광명시 오리로854번길 16,1.7,5
등촌샤브칼국수 광명점,샤브샤브,경기 광명시 철산로 12,4.8,47
이순화명태마을,해물 | 생선,경기 광명시 오리로854번길 21,5.0,8
본죽&비빔밥cafe 철산역점,퓨전한식,경기 광명시 오리로 857 일청빌딩 2층 205호,5.0,2
떡볶당 광명철산점,떡볶이,경기 광명시 오리로856번길 21 1층 103호,3.0,39
철산명가 유황오리,오리,경기 광명시 안양천로 459,2.5,0
와밀 2호점,디저트카페,경기 광명시 철산로 27 명동빌딩 1  2층,4.5,6
팔각도 철산역점,닭요리,경기 광명시 철산로30번길 14 1층 101호,1.5,109
취향,중국요리,경기 광명시 철산로 13-12 쌍마한신상가 지하층 03호,3.4,8
짜장마을,중국요리,경기 광명시 시청로 53,4.8,5
온더문포차 철산점,실내포장마차,경기 광명시 오리로856번길 11 아싸빌딩 301  302호,4.6,42
메가MGC커피 철산로데오점,커피전문점,경기 광명시 오리로856번길 8 금봉빌딩 1층 102호,1.4,2
신룽푸마라탕 철산점,중국요리,경기 광명시 오리로856번길 7 202호,3.1,12
역전할머니맥주 광명철산점,호프 | 요리주점,경기 광명시 오리로854번길 22 1층,3.0,20
화로닭발 철산점,닭요리,경기 광명시 오리로854번길 16-7 2층,4.0,8
라무진 철산점,육류 | 고기,경기 광명시 디지털로33번길 23,2.7,17
달마식당,삼겹살,경기 광명시 시청로 69 1층,5.0,9
도마,회,경기 광명시 디지털로 17 1층,5.0,8
유가네닭갈비 철산역점,닭요리,경기 광명시 디지털로33번길 23 다모아빌딩 2층,1.7,29
교촌치킨 철산역점,치킨,경기 광명시 오리로854번길 16-7,1.6,3
영덕대게,게 | 대게,경기 광명시 철산로 12,1.0,7
한양김밥,분식,경기 광명시 철산로29번길 9 1층,4.8,2
딱한잔,회,경기 광명시 철산로30번길 9 1층,1.0,6
사조회참치 철산점,회,경기 광명시 철산로30번길 11 광동빌딩 101호,2.0,28
담우리수산,회,경기 광명시 오리로854번길 6 철화빌딩 2층,3.0,1
청국장과보리밥 철산점,찌개 | 전골,경기 광명시 철산로30번길 15 지하1층,3.0,2
철산민물장어,장어,경기 광명시 오리로854번길 22 2층,5.0,6
맥도날드 세이브존광명점,패스트푸드,경기 광명시 철망산로 87,1.6,4
전느님 광명점,술집,경기 광명시 오리로856번길 23,4.0,13
라티오커피바,커피전문점,경기 광명시 디지털로 56 래미안자이아파트 상가 102호,5.0,7
시장을여는사람들,호프 | 요리주점,경기 광명시 오리로854번길 16-10 2층 201호,5.0,5
오봉집 광명철산역점,한식,경기 광명시 오리로856번길 12 세영빌딩 1층,5.0,6
산울림,칵테일바,경기 광명시 디지털로33번길 15,5.0,13
풍년집정육식당 철산점,육류 | 고기,경기 광명시 시청로 34,5.0,2
퍼니펑키 테마카페 광명점,테마카페,경기 광명시 철산로 27 명동빌딩 4층 2호,4.0,1
공차 철산역점,카페,경기 광명시 철산로 24 다인빌딩 104호,2.4,5
금별맥주 광명철산점,호프 | 요리주점,경기 광명시 오리로856번길 11 ASSA빌딩 1층 1호,2.3,23
뉴욕치즈케익팩토리 철산역점,제과 | 베이커리,경기 광명시 오리로856번길 11,2.0,0
니뽕내뽕 광명철산점,퓨전요리,경기 광명시 오리로854번길 16 2층 206호,2.3,16
포메인 철산로데오점,동남아음식,경기 광명시 오리로856번길 7 2층,4.0,9
광명사골순대국,순대,경기 광명시 오리로 899-1,4.0,4
뚜레쥬르 철산역점,제과 | 베이커리,경기 광명시 오리로 857,1.9,1
푸라닭치킨 광명철산점,치킨,경기 광명시 시청로 39-1 102호,5.0,1
해적아구찜,아구,경기 광명시 철산로30번길 19 중앙시장 상가 지층 1 2호,4.0,13
호남송사리매운탕철산민물새우버섯야채샤브칼국수,,경기 광명시 철산로 19 2층,5.0,2
영덕대게킹크랩,게 | 대게,경기 광명시 철산로30번길 24 서울종합빌딩 1층,4.0,10
히어로보드게임카페 철산점,보드카페,경기 광명시 오리로856번길 12 4층,5.0,61
참치와스시호우 광명본점,참치회,경기 광명시 시청로 7 1층,4.0,10
구름산순대곱창,곱창 | 막창,경기 광명시 오리로856번길 23 1층,4.3,8
커피인텐스,카페,경기 광명시 도덕공원로 21-1 지하1층 B06호,5.0,18
역전우동0410 광명철산점,돈까스 | 우동,경기 광명시 오리로856번길 26 1층,3.0,12
돼지집 본관,불고기 | 두루치기,경기 광명시 기아로 56,3.4,297
명장시대,제과 | 베이커리,경기 광명시 범안로 930,2.9,514
정인면옥평양냉면,냉면,경기 광명시 목감로268번길 27-1,4.2,202
산촌신쭈꾸미,해물 | 생선,경기 광명시 오리로 467-21,4.1,308
명가원,한정식,경기 광명시 원노온사로 82 1 2층,,49
소하고택,카페,경기 광명시 신촌북로 7 1층,,392
광명본갈비,갈비,경기 광명시 덕안로77번길 5 지웰에스테이트 2층 206호,,892
구름산추어탕 본점,추어,경기 광명시 범안로 964-5,3.7,115
포항물회,회,경기 광명시 안재로2번길 33,3.2,120
카페자호,디저트카페,경기 광명시 밤일안로 41-3 1층,3.3,160
콩두 철산역점,두부전문점,경기 광명시 철산로 15 1층,4.5,110
카페드블랑,카페,경기 광명시 소하로92번길 11 소하람2 107 108호,4.5,109
양평신내서울해장국,해장국,경기 광명시 범안로 857,3.1,17
가마솥밥상 철산본점,한식,경기 광명시 안양천로 459 2층,3.5,23
호천생갈비,갈비,경기 광명시 오리로 999 1층,4.1,259
긴자 광명점,일식집,경기 광명시 밤일안로 41 2 3층,2.8,54
홍두깨칼국수,국수,경기 광명시 오리로964번길 17,3.1,127
소들녘 광명점,갈비,경기 광명시 오리로876번길 6,2.5,149
한본삼계탕 철산본점,삼계탕,경기 광명시 오리로854번길 16-15 2층,3.7,162
매화쌈밥 광명점,쌈밥,경기 광명시 밤일로 36 2 3층,2.4,201
장수촌,닭요리,경기 광명시 밤일로 37,2.7,43
신선화로 광명점,육류 | 고기,경기 광명시 범안로 868-11 1  2층,3.2,171
경복궁,한정식,경기 광명시 밤일로 42 1~3층,1.3,4
소담촌 광명직영점,샤브샤브,경기 광명시 오리로 518 대교빌딩 2층,3.7,55
돈까스인생 밤일마을점,돈까스 | 우동,경기 광명시 밤일안로 1 2층,,247
고창복의낙지세상,해물 | 생선,경기 광명시 범안로 893,3.9,49
강남면옥 광명점,냉면,경기 광명시 범안로 868 1 2층,,11
마초쉐프 광명점,이탈리안,경기 광명시 소하로 94 선우퓨쳐마크 2층,3.7,324
신농한우정육식당 광명본점,육류 | 고기,경기 광명시 밤일안로 8,4.1,120
청담본갈비 광명점,갈비,경기 광명시 밤일로 4,1.9,44
스너그로스터리,커피전문점,경기 광명시 시청로 50 상가A동 AA123호,4.1,46
무아지경 광명본점,갈비,경기 광명시 오리로975번길 3 1층,4.4,4
교동짬뽕,중국요리,경기 광명시 한내일로 37,4.0,62
진두강한방민물장어 광명점,장어,경기 광명시 밤일로 35,4.2,39
라라코스트 광명철산점,패밀리레스토랑,경기 광명시 철산로 12 로데오빌딩 2층 1호,3.3,29
옛진미칼국수,국수,경기 광명시 오리로 932,3.8,54
담원두부마을,두부전문점,경기 광명시 밤일로 27 1  2층,,48
브로버거 광명점,햄버거,경기 광명시 일직로 22 효성해링턴타워 1층 102호,3.8,61
스시웨이 광명본점,초밥 | 롤,경기 광명시 가림일로 80 로즈힐빌딩 3층,3.1,66
영진보신탕,사철탕 | 영양탕,경기 광명시 안재로2번길 37,2.8,145
한양중식 광명점,중국요리,경기 광명시 양지로 16 광명역써밋플레이스 2층,2.9,109
원조생고기두루치기전문,불고기 | 두루치기,경기 광명시 영우로 16,4.3,35
오뚜기돈까스,돈까스 | 우동,경기 광명시 오리로 991,2.9,66
마또이따,이탈리안,경기 광명시 철산로 36 양정타워 14층,3.4,92
보릿골,한식,경기 광명시 오리로619번길 27,3.5,63
448돈까스,돈까스 | 우동,경기 광명시 디지털로 29 114 115호,4.3,52
채수어,한식,경기 광명시 소하로109번길 15 소하토피아 2층,3.2,30
광명 서울경복궁,갈비,경기 광명시 양달로 8,3.7,9
대창집,곱창 | 막창,경기 광명시 철산로30번길 14 1층101호,3.9,12
아프리코,디저트카페,경기 광명시 밤일안로14번길 1 1  2층,4.2,62
송도갈매기 광명점,육류 | 고기,경기 광명시 양지로 16 아비뉴프랑 2층,3.4,42
스시153,초밥 | 롤,경기 광명시 일직로 22 광명역효성해링턴타워더퍼스트 211  212호,4.9,21
촌장골 광명점,갈비,경기 광명시 소하로109번길 16 B8-4호,2.4,35
어부의밥상 소하점,해물 | 생선,경기 광명시 소하로 81 아이플랙스 8층,2.8,22
풍천한방장어 광명점,장어,경기 광명시 범안로 880,2.2,145
양천뼈다귀 철산직영점,해장국,경기 광명시 철산로30번길 20 2층,4.6,27
가야밀면,국수,경기 광명시 일직로12번길 21 SH&01프라자 2층,3.8,52
돌삼닭 철산역점,삼겹살,경기 광명시 오리로856번길 8-1,2.9,31
하이파이브 커피웍스,커피전문점,경기 광명시 소하로109번길 6 1동 1층 102호,4.5,71
양평해장국,해장국,경기 광명시 오리로991번길 1,4.3,15
소통한우,육류 | 고기,경기 광명시 가학로 144,3.6,31
예소담 나주곰탕,곰탕,경기 광명시 밤일로 33-1 2  3층,3.7,46
금천한우타운,육류 | 고기,경기 광명시 가학로 177,3.3,24
까치카페,카페,경기 광명시 오리로619번길 32,3.6,53
털보수산,회,경기 광명시 범안로 1035,3.6,15
라까사호텔 광명 라까사키친,양식,경기 광명시 일직로12번길 22,3.8,4
김태완스시,초밥 | 롤,경기 광명시 오리로854번길 6 철화빌딩 1층 2호,3.1,54
스타벅스 광명역점,커피전문점,경기 광명시 양지로 16 광명역써밋플레이스,3.7,30
꽃피다한우,육류 | 고기,경기 광명시 소하로109번길 15 소하토피아 8층,3.6,24
애기능농장,사철탕 | 영양탕,경기 광명시 범안로 753,1.0,10
광명서서갈비,갈비,경기 광명시 광이로 3-5,2.8,40
우리소 광명점,육류 | 고기,경기 광명시 밤일안로 41-11,2.5,40
신짱과후쿠마루,일본식라면,경기 광명시 광명로893번길 13-1 1층,,93
상상초월,육류 | 고기,경기 광명시 영당로 14,3.0,14
철산감자탕,감자탕,경기 광명시 오리로856번길 19,3.9,37
오성초밥,초밥 | 롤,경기 광명시 오리로 933-1 1층,2.9,40
클로렐라베이커리,제과 | 베이커리,경기 광명시 오리로976번길 18-1 1층,4.2,71
훕훕베이글,제과 | 베이커리,경기 광명시 시청로 124,3.8,105
웅이네철판쭈꾸미,해물 | 생선,경기 광명시 소하로76번길 7 우심프라자 1층,4.6,60
소문난가마솥순대,순대,경기 광명시 광이로13번길 21-1 1층,4.0,23
호우양꼬치 철산점,양꼬치,경기 광명시 철산로30번길 22,3.3,35
남해바다장어,장어,경기 광명시 밤일로 18 1층,2.3,15
담원 바베큐&쭈꾸미,해물 | 생선,경기 광명시 광명로 521-15 2층,3.2,21
담원한정식,한정식,경기 광명시 밤일로 26 2층,,18
광명소고기순대국,순대,경기 광명시 시청로 122,3.8,18
김수언스시,초밥 | 롤,경기 광명시 소하로 81 2층,3.3,72
라조콩드,디저트카페,경기 광명시 시청로 32 1층 3호,4.5,88
이케아 레스토랑,양식,경기 광명시 일직로 17,3.6,16
조선식탁 오정족발,족발 | 보쌈,경기 광명시 오리로854번길 16-11 삼희빌딩 1층,3.8,10
우돈명가,육류 | 고기,경기 광명시 도덕공원로 54 1층,,576
거북명태,해물 | 생선,경기 광명시 범안로 856,3.3,34
광명토성,오리,경기 광명시 밤일로 106,3.8,27
시드니램1901 광명직영점,육류 | 고기,경기 광명시 밤일로 8 트윈웨스트 1~3층,4.1,34
김명태 굴국밥솥밥 철산점,굴 | 전복,경기 광명시 오리로854번길 22 조흥빌딩 1층,2.7,12
푸주옥,설렁탕,경기 광명시 밤일로 22 1층,3.1,28
원조광명할머니빈대떡,한식,경기 광명시 오리로976번길 20 광명시장,3.2,65
참치가게,참치회,경기 광명시 신기로 7 골드스타빌딩 1층 105호,4.8,22
스타벅스 광명소하DT점,커피전문점,경기 광명시 오리로 363,3.4,17
하안동꿀주먹,육류 | 고기,경기 광명시 하안로 298,4.8,75
온누리장작구이 광명점,오리,경기 광명시 범안로 849-13,2.6,81
소문난삼부자순대국,국밥,경기 광명시 일직로99번안길 14,2.9,20
짬뽕가,중국요리,경기 광명시 신기로 15 2층 203호,4.1,9
더쉐프한식뷔페,한식뷔페,경기 광명시 새빛공원로 67 2층,4.3,18
마포왕갈비잡부구이,갈비,경기 광명시 오리로985번길 6-1,4.1,47
전주 콩뿌리콩나물국밥,국밥,경기 광명시 오리로 619,3.6,45
본가갈비,갈비,경기 광명시 오리로856번길 14,2.7,12
항아리보쌈 광명점,족발 | 보쌈,경기 광명시 소하일로52번길 13,4.0,34
장어랑,장어,경기 광명시 기아로 112,4.5,9
택이네조개전골 하안점,조개,경기 광명시 오리로 655,3.4,32
강씨네농장,오리,경기 광명시 소하동 724-1,3.4,55
늘봄즉석떡볶이,떡볶이,경기 광명시 오리로 933 승화빌딩,4.6,24
광명아리랑,한정식,경기 광명시 오리로619번길 28 1~3층,2.5,27
평양메밀 광명7호점,국수,경기 광명시 오리로 935 1층,4.6,59
앤하우스 광명점,커피전문점,경기 광명시 오리로 925 2층,5.0,16
추오정 남원추어탕,추어,경기 광명시 밤일로 10 2층,3.5,2
해피양꼬치,양꼬치,경기 광명시 철산로30번길 5,4.0,36
광명족발,족발 | 보쌈,경기 광명시 하안로 112,4.6,17
광명면옥,냉면,경기 광명시 오리로 627 1 2층,,37
용천원두막,육류 | 고기,경기 광명시 오리로 282-43,4.0,13
다원잔기지떡 광명점,떡 | 한과,경기 광명시 한내로13번길 6-4 1층,0.0,60
스타벅스 광명사거리역점,커피전문점,경기 광명시 광명로 907,3.8,23
버거킹 광명소하DT점,패스트푸드,경기 광명시 오리로 361,1.8,11
스시메이진 광명점,초밥 | 롤,경기 광명시 소하로 94 3층,2.4,42
맥도날드 광명소하DT점,패스트푸드,경기 광명시 오리로 512,2.5,8
기찬스시,초밥 | 롤,경기 광명시 소하로 109 1층,4.2,46
카페오리엔트,커피전문점,경기 광명시 광명역로 26 광명역파크자이1차 상가 204호,4.4,9
유명한막회,회,경기 광명시 오리로985번길 8-1 1층,4.6,27
인기명 광명철산점,해물 | 생선,경기 광명시 오리로856번길 26 영일빌딩 2층,3.1,42
원조광명곱창구이 본점,곱창 | 막창,경기 광명시 오리로942번길 4-1 1층,,26
탐나종합어시장 철산역점,회,경기 광명시 철산로 20 야우리빌딩 1층 104호,3.5,30
주재근베이커리 본점,제과 | 베이커리,경기 광명시 철산로 27 1층 5호,3.5,37
빵명장,제과 | 베이커리,경기 광명시 밤일로 38,3.1,110
장우생오리,오리,경기 광명시 금하로 432,2.0,11
처비핑거스,햄버거,경기 광명시 일직로99번길 26 1층 101호,4.9,61
맛찬들왕소금구이 광명2호점,육류 | 고기,경기 광명시 오리로854번길 6 1층 101호,3.7,49
구들장황소곱창,곱창 | 막창,경기 광명시 철산로30번길 24,3.7,19
이학순베이커리 광명역점,제과 | 베이커리,경기 광명시 양지로 16 광명역써밋플레이스 1층,3.1,57
택이네조개전골 광명역점,조개,경기 광명시 덕안로77번길 5 지웰에스테이트 2층,3.0,6
홍익돈까스 광명점,돈까스 | 우동,경기 광명시 밤일안로 19,1.5,65
홍대개미 광명철산점,퓨전일식,경기 광명시 오리로854번길 21 신명빌딩 2층 203호,3.9,24
서해박속낙지전문점 광명본점,해물 | 생선,경기 광명시 오리로 1034-1 1층,4.0,68
이학순베이커리 소하상업지구점,제과 | 베이커리,경기 광명시 소하로 77,3.2,36
맥도날드 철산역점,패스트푸드,경기 광명시 오리로856번길 17,2.3,8
서원안동국시,국수,경기 광명시 가학로85번길 44,3.8,32
병천아우내장터순대,순대,경기 광명시 오리로 384,3.4,5
광명조개구이무한리필클램씨,조개,경기 광명시 소하로76번길 7 우심프라자 2층 201호,3.0,10
스타벅스 광명하안점,커피전문점,경기 광명시 범안로 1060,3.3,18
라퓨엔테 본점,카페,경기 광명시 밤일로 56 1 2층,2.4,20
오서방네조개찜,조개,경기 광명시 범안로 1035,4.7,18
광명안양대교보신탕,사철탕 | 영양탕,경기 광명시 시청로 29,4.0,8
랜디스도넛 신사가로수길점,도넛,서울 강남구 도산대로15길 16,3.5,284
올드페리도넛 가로수길점,도넛,서울 강남구 강남대로160길 35-5 코발트 1  2층  지하1층,4.0,213
크리스피크림도넛 강남역점,도넛,서울 강남구 강남대로 376 8258빌딩 지하1층,4.0,31
던킨 선릉역점,도넛,서울 강남구 테헤란로 422 KT선릉타워 지상1층,3.1,49
던킨 CF강남스퀘어점,도넛,서울 강남구 테헤란로1길 10 세경빌딩 1층,4.1,20
크리스피크림도넛 대치점,도넛,서울 강남구 도곡로 460 동선빌딩 1층,2.9,12
W스타일도넛 강남점,도넛,서울 강남구 테헤란로83길 46,4.6,160
크리스피크림도넛 코엑스몰점,도넛,서울 강남구 영동대로 513,2.8,13
던킨 DD SPC스퀘어점,도넛,서울 강남구 강남대로 352 2층,5.0,0
던킨 청담점,도넛,서울 강남구 도산대로89길 9,4.6,2
크리스피크림도넛 강남역지하쇼핑센터점,,서울 강남구 강남대로 지하 396 지하1층 북-6호,4.0,6
크리스피크림도넛 수서역사점,도넛,서울 강남구 밤고개로 99 지하1층 SB13호,2.8,3
던킨 역삼GS타워점,도넛,서울 강남구 논현로 508 GS강남타워,1.0,1
던킨 현대아이파크타워점,도넛,서울 강남구 영동대로 520 아이파크타워 1층,5.0,1
세모넛,도넛,서울 강남구 선릉로155길 13,5.0,25
던킨 두산건설점,도넛,서울 강남구 언주로 726 두산빌딩 1층,2.8,2
못난이꽈배기 압구정점,도넛,서울 강남구 압구정로 214 현대종합상가빌딩 1층 101호,2.8,20
던킨 수서역사,도넛,서울 강남구 광평로 지하 270 지하1층 맞이방,1.7,2
스마일명품찹쌀꽈배기,도넛,서울 강남구 일원로5길 19,5.0,4
노티드 청담,디저트카페,서울 강남구 도산대로53길 15 1층,3.8,2136
도넛킨더가든,도넛,서울 강남구 강남대로162길 18,4.0,1
비비드,도넛,서울 강남구 테헤란로 517 현대백화점 지하1층,0.0,8
허니도우 논현점,도넛,서울 강남구 강남대로122길 39-9 1층,0.0,0
도노스튜디오 역삼점,도넛,서울 강남구 테헤란로 119 1층,0.0,0
비안,도넛,서울 강남구 테헤란로52길 6,0.0,0
프로틴발란스,도넛,서울 강남구 삼성로 150 77 78호,0.0,0
청담동꿀꽈배기,도넛,서울 강남구 개포로82길 13-9 세종빌딩 1층 112호,1.0,9
노티드 삼성,디저트카페,서울 강남구 테헤란로103길 9 제일빌딩 1층,3.7,1182
노티드 신사 옐로우바스켓 팝업,제과 | 베이커리,서울 강남구 압구정로10길 30-1 지하1층,4.7,157
노티드 압구정 갤러리아,디저트카페,서울 강남구 압구정로 343 지하1층,3.9,99
코드이스케이프 가로수길점,테마카페,서울 강남구 가로수길 14 5층,5.0,26
도넛PT스튜디오,헬스클럽,서울 강남구 언주로113길 16 지하 1층,5.0,7
노마드도넛,소프트웨어,서울 강남구 테헤란로 507 위워크빌딩 8층,0.0,0
생활맥주 강남역점,호프 | 요리주점,서울 강남구 강남대로78길 18 1층,4.3,45
이에나파이 본점,제과 | 베이커리,서울 강남구 도산대로50길 9 102호,4.3,9
도너츠,소프트웨어,서울 강남구 언주로 603 서진빌딩 5층,0.0,0
생활맥주 선릉역점,호프 | 요리주점,서울 강남구 선릉로82길 19 1층,1.8,19
생활맥주 삼성코엑스점,호프 | 요리주점,서울 강남구 삼성로104길 18 1층,3.3,17
생활맥주 한티역점,호프 | 요리주점,서울 강남구 선릉로64길 9 2층,4.2,10
생활맥주 압구정로데오점,호프 | 요리주점,서울 강남구 압구정로50길 5-12,1.7,25
생활맥주 논현영동시장점,호프 | 요리주점,서울 강남구 강남대로122길 21,3.0,67
생활맥주 역삼점,호프 | 요리주점,서울 강남구 언주로93길 34,2.8,16
퍼햅스 강남본점,디저트카페,서울 강남구 논현로86길 27 1층,3.2,37
디저트39 신사역점,디저트카페,서울 강남구 강남대로146길 25 1층,5.0,7
디저트39 대치점,디저트카페,서울 강남구 선릉로64길 28 1층 1호,2.8,9
조선델리 더 부티크,제과 | 베이커리,서울 강남구 테헤란로 231 조선팰리스 24층,5.0,50
디저트39 강남테헤란로점,디저트카페,서울 강남구 테헤란로4길 6 강남역센트럴푸르지오시티 1층 117호,3.4,8
디저트39 학동역점,디저트카페,서울 강남구 학동로 208 오창빌딩 1층,1.7,20
이조명과,제과 | 베이커리,서울 강남구 강남대로124길 39 1층,3.1,8
경성꽈배기 논현점,제과 | 베이커리,서울 강남구 강남대로124길 10 1층,4.3,7
자미당 압구정점,제과 | 베이커리,서울 강남구 논현로 851 1층 1호,4.7,0
대치동꽈배기,제과 | 베이커리,서울 강남구 도곡로 516 삼성상가 1층,4.6,5
모찌모찌브레드 역삼점,제과 | 베이커리,서울 강남구 언주로 314 강남프라자 1층 108호,4.4,7
생활맥주 강남일원점,호프 | 요리주점,서울 강남구 일원로9길 36,4.0,5
생활맥주 대치포스코점,호프 | 요리주점,서울 강남구 삼성로85길 11,4.0,8
경성꽈배기 양재역점,간식,서울 강남구 남부순환로363길 11 1층 102호,2.8,4
생활맥주 테헤란로점,호프 | 요리주점,서울 강남구 선릉로93길 27,0.0,15
스마일명품찹쌀꽈배기,제과 | 베이커리,서울 강남구 개포로 237,5.0,3
자미당 대치점,제과 | 베이커리,서울 강남구 선릉로68길 11,4.2,5
생활맥주 역삼역4번출구점,호프 | 요리주점,서울 강남구 테헤란로25길 9 1층,0.0,8
경성꽈배기 선릉점,제과 | 베이커리,서울 강남구 선릉로 402 1층 101호,3.0,1
도너츠뮤직,음악,서울 강남구 테헤란로25길 20 역삼현대벤처텔 110-11호,0.0,0
황제찹쌀꽈배기,제과 | 베이커리,서울 강남구 학동로4길 32,4.7,3
경성꽈배기 한티역점,간식,서울 강남구 선릉로 320 성진빌딩1층,3.0,1
ABCD,카페,서울 강남구 봉은사로 123 1층,5.0,3
자미당논현점,패스트푸드,서울 강남구 학동로20길 16,5.0,4
(주)도너츠컬처,영상제작 | 배급,서울 강남구 언주로 850,0.0,0
경성찹쌀꽈배기 삼성점,간식,서울 강남구 삼성로 520 1층,4.4,3
도너츠커뮤니케이션티엠,광고기획 | 광고대행,서울 강남구 학동로1길 22,0.0,0
디저트플래넷 파르나스몰점,디저트카페,서울 강남구 테헤란로 521 파르나스타워 지하1층 R-39호,4.0,12
프로틴퀸u 역삼,제과 | 베이커리,서울 강남구 역삼로 310 한솔필리아 1층 62 74 75호,0.0,3
단골많은꽈배기,제과 | 베이커리,서울 강남구 봉은사로 474 상가 1층,3.0,1
1992꿀꽈배기,카페,서울 강남구 논현로16길 17,0.0,1
경성찹쌀꽈배기 대치은마점,제과 | 베이커리,서울 강남구 삼성로 212 은마아파트 B블럭 101호,0.0,5
연도사힐링카페,사주카페,서울 강남구 압구정로46길 5-10 압구정로데오스타 A동 B109호,0.0,7
핑크래빗메카,제과 | 베이커리,서울 강남구 테헤란로 517 현대백화점 무역센터점 지하 1층,3.0,12
버터풀앤크리멀러스 현대백화점 무역센터점,,서울 강남구 테헤란로 517 현대백화점 지하1층,0.0,6
씨엘드파리,제과 | 베이커리,서울 강남구 선릉로68길 7,1.0,0
디저트39 삼성점(오픈예정),디저트카페,서울 강남구 테헤란로87길 57,0.0,0
던킨 라이브강남점,도넛,서울 서초구 강남대로 373 홍우빌딩 1층,3.5,232
스마일명품찹쌀꽈배기 양재점,도넛,서울 서초구 강남대로30길 52,4.3,4
던킨 양재사옥점,도넛,서울 서초구 남부순환로 2620 강남P타워 지하1층,3.0,2
던킨 잠실본동점,도넛,서울 송파구 석촌호수로 118 잠실청호빌딩 1층,2.5,10
서울은마찹쌀꽈배기,도넛,서울 송파구 석촌호수로12길 17-1,5.0,0
경성찹쌀꽈배기 잠실새내역점,도넛,서울 송파구 석촌호수로 78,1.0,4
프릳츠 양재점,커피전문점,서울 서초구 강남대로37길 24-11 서림빌딩 1층,4.0,564
던킨 강남대로점,도넛,서울 서초구 강남대로 455,2.4,28
생활맥주 양재점,호프 | 요리주점,서울 서초구 남부순환로356길 42,3.9,11
엠티도넛,도넛,서울 송파구 백제고분로32길 15 1층 102호,4.8,16
스마일명품찹쌀꽈배기,도넛,서울 송파구 백제고분로23길 31 1층 102호,4.0,0
솔도넛,소프트웨어,서울 서초구 강남대로 369 12층 1825호,0.0,0
노티드 강남카카오,디저트카페,서울 서초구 강남대로 429 동일빌딩 3층 나호,3.6,665
생활맥주 잠실새내점,호프 | 요리주점,서울 송파구 올림픽로8길 20 1층 A112호,3.5,9
맨붕,간식,서울 송파구 석촌호수로 58 동신빌딩 1층 101호,3.8,22
해피브래드,제과 | 베이커리,서울 송파구 석촌호수로 78,4.3,0
유학도너츠,유학 | 어학연수,서울 서초구 강남대로 381 두산베어스텔 503호,0.0,0
카페 더단백,카페,서울 송파구 올림픽로 145 리센츠상가 지하 1층 A66-2호,5.0,12
던킨 양재하나로점,도넛,서울 서초구 청계산로 10 양재하나로클럽1층,4.0,1
크리스피크림도넛 잠실점,도넛,서울 송파구 올림픽로 240 롯데백화점 지하 1층,3.0,1
던킨 송파사거리점,도넛,서울 송파구 송파대로 388 창영빌딩 1층,5.0,1
올드페리도넛 잠원점,도넛,서울 서초구 잠원로 112 1층,5.0,18
크리스피크림도넛 잠실롯데월드몰점,,서울 송파구 올림픽로 300 지하1층,3.0,21
던킨 양재오토갤러리점,도넛,서울 서초구 양재대로11길 36 서울오토갤러리 은관 나동 비113호,5.0,1
케익오페라,제과 | 베이커리,서울 서초구 주흥길 8 1층,4.3,13
크리스피크림도넛 서울만남의광장점,,서울 서초구 양재대로12길 73-71,0.0,0
던킨 잠원점,도넛,서울 서초구 잠원로 204,2.6,2
서울도넛츠 서초남부터미널점,도넛,서울 서초구 남부순환로323길 44-3,0.0,2
크리스피크림도넛 건대스타시티점,,서울 광진구 아차산로 272 스타시티쇼핑몰 지하 1층,3.1,18
던킨 강남고속터미널점,도넛,서울 서초구 신반포로 194 강남고속터미널상가 40 41호,3.0,3
던킨도너츠 교대법원점,도넛,서울 서초구 서초중앙로 142 삼하빌딩 지하 101호,3.8,3
파파도나스,도넛,서울 서초구 신반포로 176,2.6,2
던킨 건대입구역점,도넛,서울 광진구 능동로 110 스타시티영존빌딩 1층 103호,4.5,14
던킨 올림픽공원점,도넛,서울 송파구 올림픽로 378 세민빌딩 1층,2.0,2
던킨 건대스타시티영존점,도넛,서울 광진구 능동로 110 지하2층 206 207호,3.0,3
프랑세즈과자점,제과 | 베이커리,서울 서초구 서초중앙로24길 43,4.3,15
로고스타,도넛,서울 성동구 성덕정길 54 1층,4.0,1
던킨 센트럴시티K점,도넛,서울 서초구 신반포로 176 센트럴시티빌딩 102호,2.9,1
던킨 반포자이점,도넛,서울 서초구 신반포로 지하 200 강남터미널지하쇼핑상가 T-020호,2.3,0
샘아저씨도그도넛,제과 | 베이커리,서울 서초구 청계산로 10,0.0,0
어나더도넛,도넛,서울 송파구 법원로11길 11 문정현대지식산업센터 A동 1층 127호,0.0,15
던킨 뉴코아강남점,도넛,서울 서초구 잠원로 69 킴스클럽 지하1층,5.0,1
경성꽈배기 교대역점,제과 | 베이커리,서울 서초구 서초대로 334,5.0,7
던킨 송파장지역점,도넛,서울 송파구 충민로 66 라이프관 지하 1층 1001호,1.8,8
삐리삐리,도넛,서울 송파구 백제고분로 465,0.0,1
던킨 테크노마트점,도넛,서울 광진구 광나루로56길 85 테크노마트지하1층 D-9,3.0,1
피르마 신세계백화점강남점,도넛,서울 서초구 신반포로 176 지하1층,4.0,3
던킨 내방점,도넛,서울 서초구 방배로25길 4 1층,4.3,2
쎄콩데&도티도넛,도넛,서울 서초구 신반포로 176 신세계백화점 지하1층,0.0,5
노티드 잠실,디저트카페,서울 송파구 백제고분로45길 3 2층 201호,3.6,1133
경성찹쌀꽈배기 화양점,도넛,서울 광진구 군자로 35 1층,4.9,5
웻도넛,도넛,서울 성동구 아차산로 66 1층,0.0,0
도너츠윤 방배점,도넛,서울 서초구 동광로12가길 12 1층,,85
봉땅,디저트카페,서울 송파구 백제고분로41길 42-8 1층,4.1,428
디저트39 송파 헬리오시티점,디저트카페,서울 송파구 송파대로37길 74,3.9,32
던킨 광장점,도넛,서울 광진구 아차산로 502 113호,4.9,1
노티드 성수,디저트카페,서울 성동구 연무장길 29-17 1층 101호,3.7,311
하이도나,도넛,경기 과천시 뒷골1로 14 에이동 102호,4.6,168
생활맥주 송파방이점,호프 | 요리주점,서울 송파구 오금로13길 11,3.2,25
디저트39 교대점,디저트카페,서울 서초구 서초중앙로 116 성재빌딩,3.0,13
아티장베이커스 서래점,제과 | 베이커리,서울 서초구 서래로 35 1층,4.1,63
생활맥주 남부터미널점,호프 | 요리주점,서울 서초구 효령로55길 15 벨타워오피스텔 1층 104호,3.4,20
성수동꿀꽈배기,제과 | 베이커리,서울 성동구 성덕정길 127 1층,4.8,4
윤셰프정직한제빵소,제과 | 베이커리,서울 송파구 석촌호수로 224,0.0,2
오버도즈도넛앤커피,제과 | 베이커리,서울 성동구 왕십리로10길 19 1층,,99
노티드 성수피치스,디저트카페,서울 성동구 연무장3길 9 가동 1층,3.7,341
꽈페 롯데월드몰점,디저트카페,서울 송파구 올림픽로 300 지하 1층,3.2,160
송사부수제쌀고로케 남부터미널점,,서울 서초구 효령로 292 1층 108호,3.0,9
생활맥주 잠원점,호프 | 요리주점,서울 서초구 신반포로47길 82,5.0,1
도넛바이닐샵,인터넷쇼핑몰,서울 서초구 헌릉로8길 60,0.0,0
노티드 강남 신세계,디저트카페,서울 서초구 신반포로 176 지하1층,3.0,9
던킨 두산건설점,도넛,서울 강남구 언주로 726 두산빌딩 1층,2.8,2
허니도우 논현점,도넛,서울 강남구 강남대로122길 39-9 1층,0.0,0
도넛PT스튜디오,헬스클럽,서울 강남구 언주로113길 16 지하 1층,5.0,7
이에나파이 본점,제과 | 베이커리,서울 강남구 도산대로50길 9 102호,4.3,9
도너츠,소프트웨어,서울 강남구 언주로 603 서진빌딩 5층,0.0,0
생활맥주 논현영동시장점,호프 | 요리주점,서울 강남구 강남대로122길 21,3.0,67
디저트39 신사역점,디저트카페,서울 강남구 강남대로146길 25 1층,5.0,7
디저트39 학동역점,디저트카페,서울 강남구 학동로 208 오창빌딩 1층,1.7,20
이조명과,제과 | 베이커리,서울 강남구 강남대로124길 39 1층,3.1,8
경성꽈배기 논현점,제과 | 베이커리,서울 강남구 강남대로124길 10 1층,4.3,7
황제찹쌀꽈배기,제과 | 베이커리,서울 강남구 학동로4길 32,4.7,3
ABCD,카페,서울 강남구 봉은사로 123 1층,5.0,3
자미당논현점,패스트푸드,서울 강남구 학동로20길 16,5.0,4
도너츠커뮤니케이션티엠,광고기획 | 광고대행,서울 강남구 학동로1길 22,0.0,0
랜디스도넛 신사가로수길점,도넛,서울 강남구 도산대로15길 16,3.5,284
올드페리도넛 가로수길점,도넛,서울 강남구 강남대로160길 35-5 코발트 1  2층  지하1층,4.0,213
던킨 강남대로점,도넛,서울 서초구 강남대로 455,2.4,28
도넛킨더가든,도넛,서울 강남구 강남대로162길 18,4.0,1
코드이스케이프 가로수길점,테마카페,서울 강남구 가로수길 14 5층,5.0,26
던킨 역삼GS타워점,도넛,서울 강남구 논현로 508 GS강남타워,1.0,1
노티드 신사 옐로우바스켓 팝업,제과 | 베이커리,서울 강남구 압구정로10길 30-1 지하1층,4.7,157
생활맥주 잠원점,호프 | 요리주점,서울 서초구 신반포로47길 82,5.0,1
케익오페라,제과 | 베이커리,서울 서초구 주흥길 8 1층,4.3,13
노티드 강남카카오,디저트카페,서울 서초구 강남대로 429 동일빌딩 3층 나호,3.6,665
생활맥주 역삼점,호프 | 요리주점,서울 강남구 언주로93길 34,2.8,16
노티드 청담,디저트카페,서울 강남구 도산대로53길 15 1층,3.8,2136
던킨 CF강남스퀘어점,도넛,서울 강남구 테헤란로1길 10 세경빌딩 1층,4.1,20
도너츠뮤직,음악,서울 강남구 테헤란로25길 20 역삼현대벤처텔 110-11호,0.0,0
생활맥주 역삼역4번출구점,호프 | 요리주점,서울 강남구 테헤란로25길 9 1층,0.0,8
자미당 압구정점,제과 | 베이커리,서울 강남구 논현로 851 1층 1호,4.7,0
도노스튜디오 역삼점,도넛,서울 강남구 테헤란로 119 1층,0.0,0
던킨 잠원점,도넛,서울 서초구 잠원로 204,2.6,2
세모넛,도넛,서울 강남구 선릉로155길 13,5.0,25
조선델리 더 부티크,제과 | 베이커리,서울 강남구 테헤란로 231 조선팰리스 24층,5.0,50
크리스피크림도넛 강남역지하쇼핑센터점,,서울 강남구 강남대로 지하 396 지하1층 북-6호,4.0,6
던킨 라이브강남점,도넛,서울 서초구 강남대로 373 홍우빌딩 1층,3.5,232
크리스피크림도넛 강남역점,도넛,서울 강남구 강남대로 376 8258빌딩 지하1층,4.0,31
올드페리도넛 잠원점,도넛,서울 서초구 잠원로 112 1층,5.0,18
던킨 선릉역점,도넛,서울 강남구 테헤란로 422 KT선릉타워 지상1층,3.1,49
못난이꽈배기 압구정점,도넛,서울 강남구 압구정로 214 현대종합상가빌딩 1층 101호,2.8,20
던킨 DD SPC스퀘어점,도넛,서울 강남구 강남대로 352 2층,5.0,0
W스타일도넛 강남점,도넛,서울 강남구 테헤란로83길 46,4.6,160
던킨 강남고속터미널점,도넛,서울 서초구 신반포로 194 강남고속터미널상가 40 41호,3.0,3
던킨 청담점,도넛,서울 강남구 도산대로89길 9,4.6,2
던킨 반포자이점,도넛,서울 서초구 신반포로 지하 200 강남터미널지하쇼핑상가 T-020호,2.3,0
퍼햅스 강남본점,디저트카페,서울 강남구 논현로86길 27 1층,3.2,37
던킨 뉴코아강남점,도넛,서울 서초구 잠원로 69 킴스클럽 지하1층,5.0,1
(주)도너츠컬처,영상제작 | 배급,서울 강남구 언주로 850,0.0,0
비안,도넛,서울 강남구 테헤란로52길 6,0.0,0
크리스피크림도넛 코엑스몰점,도넛,서울 강남구 영동대로 513,2.8,13
파파도나스,도넛,서울 서초구 신반포로 176,2.6,2
던킨도너츠 교대법원점,도넛,서울 서초구 서초중앙로 142 삼하빌딩 지하 101호,3.8,3
던킨 센트럴시티K점,도넛,서울 서초구 신반포로 176 센트럴시티빌딩 102호,2.9,1
노티드 압구정 갤러리아,디저트카페,서울 강남구 압구정로 343 지하1층,3.9,99
디저트39 강남테헤란로점,디저트카페,서울 강남구 테헤란로4길 6 강남역센트럴푸르지오시티 1층 117호,3.4,8
피르마 신세계백화점강남점,도넛,서울 서초구 신반포로 176 지하1층,4.0,3
던킨 현대아이파크타워점,도넛,서울 강남구 영동대로 520 아이파크타워 1층,5.0,1
생활맥주 강남역점,호프 | 요리주점,서울 강남구 강남대로78길 18 1층,4.3,45
솔도넛,소프트웨어,서울 서초구 강남대로 369 12층 1825호,0.0,0
생활맥주 압구정로데오점,호프 | 요리주점,서울 강남구 압구정로50길 5-12,1.7,25
생활맥주 테헤란로점,호프 | 요리주점,서울 강남구 선릉로93길 27,0.0,15
쎄콩데&도티도넛,도넛,서울 서초구 신반포로 176 신세계백화점 지하1층,0.0,5
생활맥주 선릉역점,호프 | 요리주점,서울 강남구 선릉로82길 19 1층,1.8,19
비비드,도넛,서울 강남구 테헤란로 517 현대백화점 지하1층,0.0,8
생활맥주 삼성코엑스점,호프 | 요리주점,서울 강남구 삼성로104길 18 1층,3.3,17
프랑세즈과자점,제과 | 베이커리,서울 서초구 서초중앙로24길 43,4.3,15
유학도너츠,유학 | 어학연수,서울 서초구 강남대로 381 두산베어스텔 503호,0.0,0
노마드도넛,소프트웨어,서울 강남구 테헤란로 507 위워크빌딩 8층,0.0,0
삼순이호두파이,제과 | 베이커리,서울 서초구 서초중앙로 188 아크로비스타 아케이드 B1 303호,3.8,12
모찌모찌브레드 역삼점,제과 | 베이커리,서울 강남구 언주로 314 강남프라자 1층 108호,4.4,7
경성꽈배기 선릉점,제과 | 베이커리,서울 강남구 선릉로 402 1층 101호,3.0,1
연도사힐링카페,사주카페,서울 강남구 압구정로46길 5-10 압구정로데오스타 A동 B109호,0.0,7
경성꽈배기 교대역점,제과 | 베이커리,서울 서초구 서초대로 334,5.0,7
단골많은꽈배기,제과 | 베이커리,서울 강남구 봉은사로 474 상가 1층,3.0,1
송사부수제쌀고로케 NC강남점,제과 | 베이커리,서울 서초구 잠원로 51 지하1층,1.0,3
생활맥주 한티역점,호프 | 요리주점,서울 강남구 선릉로64길 9 2층,4.2,10
프로틴퀸u 역삼,제과 | 베이커리,서울 강남구 역삼로 310 한솔필리아 1층 62 74 75호,0.0,3
더메나쥬리 신세계강남점,제과 | 베이커리,서울 서초구 신반포로 176 지하1층,3.8,6
생활맥주 대치포스코점,호프 | 요리주점,서울 강남구 삼성로85길 11,4.0,8
노티드 강남 신세계,디저트카페,서울 서초구 신반포로 176 지하1층,3.0,9
경성찹쌀꽈배기 삼성점,간식,서울 강남구 삼성로 520 1층,4.4,3
자미당 대치점,제과 | 베이커리,서울 강남구 선릉로68길 11,4.2,5
디저트39 대치점,디저트카페,서울 강남구 선릉로64길 28 1층 1호,2.8,9
경성꽈배기 한티역점,간식,서울 강남구 선릉로 320 성진빌딩1층,3.0,1
디저트39 교대점,디저트카페,서울 서초구 서초중앙로 116 성재빌딩,3.0,13
생활맥주 교대1호점,호프 | 요리주점,서울 서초구 서초중앙로 125 1층,0.0,24
노티드 삼성,디저트카페,서울 강남구 테헤란로103길 9 제일빌딩 1층,3.7,1182
디저트39 삼성점(오픈예정),디저트카페,서울 강남구 테헤란로87길 57,0.0,0
씨엘드파리,제과 | 베이커리,서울 강남구 선릉로68길 7,1.0,0
핑크래빗메카,제과 | 베이커리,서울 강남구 테헤란로 517 현대백화점 무역센터점 지하 1층,3.0,12
버터풀앤크리멀러스 현대백화점 무역센터점,,서울 강남구 테헤란로 517 현대백화점 지하1층,0.0,6
디저트플래넷 파르나스몰점,디저트카페,서울 강남구 테헤란로 521 파르나스타워 지하1층 R-39호,4.0,12
버터풀앤크리멀러스 현대백화점 무역센터점,,서울 강남구 테헤란로 517 현대백화점 지하1층,0.0,6
디저트플래넷 파르나스몰점,디저트카페,서울 강남구 테헤란로 521 파르나스타워 지하1층 R-39호,4.0,12
버터풀앤크리멀러스 현대백화점 무역센터점,,서울 강남구 테헤란로 517 현대백화점 지하1층,0.0,6
디저트플래넷 파르나스몰점,디저트카페,서울 강남구 테헤란로 521 파르나스타워 지하1층 R-39호,4.0,12
버터풀앤크리멀러스 현대백화점 무역센터점,,서울 강남구 테헤란로 517 현대백화점 지하1층,0.0,6
디저트플래넷 파르나스몰점,디저트카페,서울 강남구 테헤란로 521 파르나스타워 지하1층 R-39호,4.0,12
올드페리도넛,도넛,서울 용산구 한남대로27길 66 2층,3.8,846
맥심플랜트,카페,서울 용산구 이태원로 250,4.3,471
패션5 한남점,제과 | 베이커리,서울 용산구 이태원로 272 1층,3.0,98
한남동한방통닭,치킨,서울 용산구 대사관로34길 38,4.0,391
파이프그라운드,피자,서울 용산구 한남대로27길 66 지하 1층,3.9,1072
다운타우너 한남,햄버거,서울 용산구 대사관로5길 12 1층,4.3,604
24시뼈다귀감자탕,감자탕,서울 용산구 대사관로 73 1층,4.0,302
부자피자 1호점,피자,서울 용산구 이태원로55가길 28,3.8,263
오스테리아 오르조 한남,스테이크 | 립,서울 용산구 한남대로20길 47 2층,4.3,480
사유,갤러리카페,서울 용산구 이태원로54길 5,3.1,334
나리의집,삼겹살,서울 용산구 이태원로 245,3.1,290
앤트러사이트 한남점,카페,서울 용산구 이태원로 240 1~3층,3.7,203
쥬에,퓨전중식,서울 용산구 독서당로 124-7 지하1층  1  2층,4.1,163
고메이494 한남점,푸드코트,서울 용산구 한남대로 91,3.7,300
벽돌해피푸드,중식,서울 용산구 이태원로 238 1층,3.9,314
오만지아,이탈리안,서울 용산구 유엔빌리지길 14,4.0,135
다츠,퓨전요리,서울 용산구 이태원로55나길 6 1층 1호,,19
한남북엇국,해장국,서울 용산구 독서당로 65-7 지하1층  1~3층,3.6,137
오아시스 한남점,디저트카페,서울 용산구 이태원로45길 30 1 2층,3.1,305
테라로사 한남점,커피전문점,서울 용산구 이태원로36길 15 지하1 2층,4.0,90
제주식당 한남점,해물 | 생선,서울 용산구 대사관로 48,2.6,29
오월의종 한남점,제과 | 베이커리,서울 용산구 이태원로49길 24,4.2,106
한와담 한남본점,육류 | 고기,서울 용산구 독서당로 65-1 2층,3.2,63
빠레뜨한남,이탈리안,서울 용산구 이태원로54길 16-7 1층,2.6,495
치즈플로 한남점,양식,서울 용산구 이태원로49길 19,4.1,207
바다식당,찌개 | 전골,서울 용산구 이태원로 245 2층,2.7,109
강가네맷돌빈대떡,호프 | 요리주점,서울 용산구 대사관로24길 27,3.3,153
써머레인,디저트카페,서울 용산구 이태원로55가길 49 1층,3.2,23
그릴도하 한남점,양식,서울 용산구 이태원로 268 2층,4.5,34
동아냉면 이태원점,냉면,서울 용산구 대사관로 45-1,2.8,191
뇨끼바,이탈리안,서울 용산구 한남대로20길 41-4,3.5,440
아티장베이커스 한남동점,제과 | 베이커리,서울 용산구 한남대로18길 26 1층,4.4,50
소와나,일식,서울 용산구 이태원로54길 68,2.4,524
북파크라운지,북카페,서울 용산구 이태원로 294 블루스퀘어 3층,3.9,116
넘버원양꼬치 한남점,양꼬치,서울 용산구 대사관로 76 2층,3.6,61
셰프테이너,이탈리안,서울 용산구 이태원로27길 101,3.6,75
타르틴베이커리서울 한남점,제과 | 베이커리,서울 용산구 한남대로18길 22 1 2층,3.4,89
부첼리하우스,양식,서울 용산구 독서당로 122-1,3.9,251
한남베르그,카페,서울 용산구 이태원로54길 58-26 1층,4.0,346
원인어밀리언,카페,서울 용산구 이태원로54길 31 지하1층,3.0,217
베라피자나폴리 한남점,피자,서울 용산구 이태원로 272 SPC빌딩 3층,2.7,22
탭퍼블릭 한남동점,양식,서울 용산구 이태원로 244 트윈빌딩 L2층,4.1,23
라페름,양식,서울 용산구 대사관로11길 49 지하 1층,,191
소설한남,한식,서울 용산구 한남대로20길 21-18 B동 지하1층,4.2,117
팬케익오리지널스토리 한남점,디저트카페,서울 용산구 독서당로 67,3.8,82
섬마을회수산,회,서울 용산구 대사관로 72 1층,4.7,43
비스트로 루틴,양식,서울 용산구 이태원로54길 67,3.9,182
빠르크 한남점,한식,서울 용산구 이태원로55가길 26-5 2층,3.8,120
한남작업실,카페,서울 용산구 이태원로55나길 7 1층,3.7,228
라도집,한식,서울 용산구 독서당로20길 9 1층,4.0,56
모수서울,퓨전한식,서울 용산구 이태원로55가길 45,4.5,57
이태원우육미엔,중국요리,서울 용산구 이태원로55가길 26-8,3.0,163
휴135,양식,서울 용산구 이태원로55나길 6 1층,3.3,155
오복수산 한남점,일식,서울 용산구 이태원로54길 26 1층,3.2,168
마구로센 한남본점,참치회,서울 용산구 대사관로31길 24,4.0,35
웨스턴차이나 한남본점,중국요리,서울 용산구 독서당로 73,3.1,46
스페인클럽 이태원점,양식,서울 용산구 이태원로 216 1층,,70
샐러드셀러,채식뷔페,서울 용산구 대사관로5길 28 1층,4.4,172
리틀넥 한남,양식,서울 용산구 한남대로27길 66 1층,4.0,635
고다이,육류 | 고기,서울 용산구 한남대로18길 28 1층,4.7,83
33아파트먼트,카페,서울 용산구 한남대로27길 33 1층,3.8,20
공기,한식,서울 용산구 이태원로45길 4 1 2층,3.6,14
멘야산다이메 이태원점,일본식라면,서울 용산구 이태원로 208 2층,3.0,42
자리,중국요리,서울 용산구 이태원로54길 5-5,3.0,18
밥한끼,돈까스 | 우동,서울 용산구 독서당로 65-3 1층,4.1,48
바바라스키친,호프 | 요리주점,서울 용산구 대사관로5길 17,3.5,109
로얄맨션,양식,서울 용산구 유엔빌리지길 11 2층,3.7,90
마일스톤 커피 한남,커피전문점,서울 용산구 한남대로27가길 26 1층,4.4,395
한남타츠 본점,일본식주점,서울 용산구 한남대로20길 37 1층,3.2,46
난포 한남,한식,서울 용산구 이태원로49길 18 지하1층  1층,,470
레드문,중국요리,서울 용산구 한남대로20길 41-4 지하1층,4.2,65
한냄비,샤브샤브,서울 용산구 대사관로30길 17 1층 2호,3.5,76
블루보틀 한남 카페,카페,서울 용산구 한남대로 91 나인원 한남아파트 지하1층,3.9,142
아르모니움,이탈리안,서울 용산구 대사관로 33,3.4,67
푸시풋살룬,칵테일바,서울 용산구 대사관로31길 7-6 지하1층,3.5,72
더테이블키친,이탈리안,서울 용산구 이태원로54길 58-7,3.7,198
화포식당 한남점,삼겹살,서울 용산구 대사관로34길 9,3.0,38
일팔사이1842,양식,서울 용산구 이태원로 244 트윈빌딩 L1,4.5,53
몽크스부처,아시아음식,서울 용산구 이태원로 228-1 3 4층,3.8,166
호박식당 한남점,한식,서울 용산구 한남대로21길 18,3.5,29
잭슨피자 한남점,피자,서울 용산구 독서당로 46 한남아이파크 1층 107호,4.1,119
곽경찬시골밥상,한정식,서울 용산구 이태원로 235,3.8,30
케르반베이커리,제과 | 베이커리,서울 용산구 이태원로 208 1층,3.7,27
윤세영식당,이탈리안,서울 용산구 한남대로 164 1층,2.9,109
스타벅스 한강진역R점,커피전문점,서울 용산구 이태원로 252,4.4,39
오라라,카페,서울 용산구 이태원로54길 32,3.5,131
소수,육류 | 고기,서울 용산구 한남대로20길 31,3.7,150
교양식사,육류 | 고기,서울 용산구 이태원로 238,4.0,69
폴바셋 한남커피스테이션,커피전문점,서울 용산구 한남대로 48,4.0,37
아러바우트 한남,카페,서울 용산구 대사관로8길 15,3.5,52
알프키친,양식,서울 용산구 독서당로34길 16,3.2,198
유엔가든,한식,서울 용산구 독서당로20길 7,3.5,63
어메이징타이,태국음식,서울 용산구 이태원로 238-1 3층,3.9,61
김종용누룽지통닭 한남점,치킨,서울 용산구 대사관로34길 12,4.0,72
아분드,카페,서울 용산구 한남대로20길 47-18,4.3,91
스시쵸우,초밥 | 롤,서울 용산구 한남대로27가길 10,4.0,66
라뜰리에,양식,서울 용산구 이태원로 272 spc빌딩 2층,2.9,7
어퍼콜라보,카페,서울 용산구 독서당로14길 29,3.4,60
그랜드하얏트서울 테라스,뷔페,서울 용산구 소월로 322,3.0,166
언양생고기전문,육류 | 고기,서울 용산구 대사관로34길 13,4.3,30
미트볼라운지,양식,서울 용산구 이태원로54길 36 1층,3.1,60
털보네꼼장어닭발,장어,서울 용산구 대사관로 63 1층,3.6,69
한남소관,중국요리,서울 용산구 대사관로31길 20 지하1층,3.2,69
단비,한정식,서울 용산구 한남대로20길 21-12,2.8,3
에피세리꼴라주,양식,서울 용산구 한남대로20길 47-24 1층,3.4,67
도도,일식,서울 용산구 대사관로31길 21 1층,4.1,42
콰르텟 사운즈한남점,디저트카페,서울 용산구 대사관로 35 BC동 1층,3.8,135
세르클한남,카페,서울 용산구 이태원로 223-5 유니언타운 4 5층,4.3,260
푸에고,양식,서울 용산구 유엔빌리지길 14 1층,3.8,39
장지녕간장게장,게 | 대게,서울 용산구 독서당로 46 한남아이파크 지하1층 101호,3.6,52
앤더슨씨 나인원점,디저트카페,서울 용산구 한남대로 91 나인원한남아파트,2.6,193
이치류 한남직영점,일식,서울 용산구 한남대로10길 58-6,4.3,51
콘하스 한남,카페,서울 용산구 이태원로55나길 22,2.9,483
수르기,디저트카페,서울 용산구 이태원로42길 32,3.8,64
비스티버거 한남본점,햄버거,서울 용산구 독서당로 46 한남아이파크애비뉴 1층,2.7,46
메종한남,양식,서울 용산구 유엔빌리지3길 24,3.6,177
월간식당,호프 | 요리주점,서울 용산구 이태원로54길 58-12 1층,3.4,112
벨루스,카페,서울 용산구 이태원로54길 20 1층 101호,3.6,37
콜렉티보 한남점,카페,서울 용산구 이태원로54길 66,3.5,95
이속우화,육류 | 고기,서울 용산구 한남대로20길 61 1층,3.2,343
장터갈비,갈비,서울 용산구 대사관로34길 21,3.3,18
한와담 블랙점,육류 | 고기,서울 용산구 독서당로 67 1층,3.5,24
챔프커피 1작업실,커피전문점,서울 용산구 우사단로10길 121 1층,2.5,55
원평숯불돼지갈비,갈비,서울 용산구 대사관로24길 22,4.8,5
볼레로,와인바,서울 용산구 이태원로 220,3.5,22
루트에브리데이 한남점,양식,서울 용산구 이태원로55가길 26-4 2층,3.6,143
그랜드하얏트서울 테판,철판요리,서울 용산구 소월로 322 LL층,4.3,244
바위파스타바,이탈리안,서울 용산구 이태원로 254 지하2층,4.5,70
이원일식탁,한식,서울 용산구 이태원로54길 58-5,4.1,52
솔솥 한남점,한식,서울 용산구 이태원로54가길 26 지하1층,3.8,236
서울브루어리 한남점,호프 | 요리주점,서울 용산구 한남대로18길 18 2 3층,4.4,32
스타벅스 한남동R,커피전문점,서울 용산구 독서당로 94,4.0,21
초장집,회,서울 용산구 대사관로34가길 2-8 1층,4.1,61
기다스시,초밥 | 롤,서울 용산구 이태원로 230,3.1,7
웻커피 한남점,카페,서울 용산구 한남대로27가길 10,3.5,78
구스테이크733,스테이크 | 립,서울 용산구 이태원로27길 101,3.1,15
엔다이브한남,카페,서울 용산구 이태원로54길 52-2 1층,3.2,149
우사단고기,육류 | 고기,서울 용산구 우사단로10길 58-1,3.3,44
청 한남점,중식,서울 용산구 한남대로20길 47-24 리플레이스 D동 2층,3.0,16
한남라메종,카페,서울 용산구 한남대로20길 51,3.1,124
부곡하와이 한남점,호프 | 요리주점,서울 용산구 대사관로34길 31-7 1층,4.1,37
무쇠김치삼겹 한남점,삼겹살,서울 용산구 대사관로31길 19 1층,2.9,54
민목,해물 | 생선,서울 용산구 독서당로 116,4.8,24
아우프글렛 한남점,카페,서울 용산구 이태원로54가길 20,3.8,180
미래회관,육류 | 고기,서울 용산구 대사관로31길 29 1층,3.6,99
소소막창한남,곱창 | 막창,서울 용산구 대사관로 60,4.0,65
방울과꼬막,실내포장마차,서울 용산구 대사관로30길 11-5,3.3,91
소코,칵테일바,서울 용산구 한남대로20길 47,3.4,26
한남부대찌개,찌개 | 전골,서울 용산구 대사관로5길 36 1층,3.5,42
에그슬럿 한남점,샌드위치,서울 용산구 이태원로 221 임페리얼부티크호텔 1층,2.4,44
